Time,I(Lo)
0.03391749999994538,1.3856574061600786
0.033917599999945383,1.3854464511628353
0.033917699999945386,1.3852354810931828
0.033917799999945389,1.3850244959553537
0.033917899999945392,1.3848134957535805
0.033917999999945395,1.3846024804920958
0.033918099999945397,1.3843914501751322
0.0339181999999454,1.3841804048069224
0.033918299999945403,1.3839693443916992
0.033918399999945406,1.3837582689336956
0.033918499999945409,1.3835471784371447
0.033918599999945412,1.3833360729062796
0.033918699999945415,1.3831249523453333
0.033918799999945418,1.3829138167585391
0.03391889999994542,1.3827026661501303
0.033918999999945423,1.3824915005243403
0.033919099999945426,1.3822803198854028
0.033919199999945429,1.3820691242375511
0.033919299999945432,1.3818579135850191
0.033919399999945435,1.3816466879320404
0.033919499999945438,1.3814354472828489
0.033919599999945441,1.3812241916416788
0.033919699999945443,1.3810129210127637
0.033919799999945446,1.3808016354003378
0.033919899999945449,1.3805903348086352
0.033919999999945452,1.3803790192418903
0.033920099999945455,1.3801676887043373
0.033920199999945458,1.3799563432002104
0.033920299999945461,1.3797449827337445
0.033920399999945464,1.379533607309174
0.033920499999945466,1.3793222169307335
0.033920599999945469,1.379110811602658
0.033920699999945472,1.3788993913291823
0.033920799999945475,1.3786879561145411
0.033920899999945478,1.3784765059629696
0.033920999999945481,1.3782650408787025
0.033921099999945484,1.3780535608659752
0.033921199999945487,1.3778420659290229
0.03392129999994549,1.377630556072081
0.033921399999945492,1.3774190312993848
0.033921499999945495,1.3772074916151698
0.033921599999945498,1.3769959370236715
0.033921699999945501,1.3767843675291258
0.033921799999945504,1.3765727831357681
0.033921899999945507,1.3763611838478345
0.03392199999994551,1.3761495696695607
0.033922099999945513,1.3759379406051828
0.033922199999945515,1.3757262966589368
0.033922299999945518,1.3755146378350587
0.033922399999945521,1.3753029641377847
0.033922499999945524,1.3750912755713514
0.033922599999945527,1.3748795721399949
0.03392269999994553,1.3746678538479518
0.033922799999945533,1.3744561206994586
0.033922899999945536,1.3742443726987517
0.033922999999945538,1.3740326098500679
0.033923099999945541,1.3738208321576442
0.033923199999945544,1.3736090396257172
0.033923299999945547,1.3733972322585242
0.03392339999994555,1.3731854100603018
0.033923499999945553,1.3729735730352872
0.033923599999945556,1.3727617211877177
0.033923699999945559,1.3725498545218304
0.033923799999945561,1.372337973041863
0.033923899999945564,1.3721260767520527
0.033923999999945567,1.3719141656566367
0.03392409999994557,1.3717022397598528
0.033924199999945573,1.3714902990659388
0.033924299999945576,1.3712783435791323
0.033924399999945579,1.3710663733036712
0.033924499999945582,1.3708543882437934
0.033924599999945584,1.3706423884037366
0.033924699999945587,1.3704303737877392
0.03392479999994559,1.3702183444000393
0.033924899999945593,1.370006300244875
0.033924999999945596,1.3697942413264845
0.033925099999945599,1.3695821676491062
0.033925199999945602,1.3693700792169787
0.033925299999945605,1.3691579760343406
0.033925399999945607,1.3689458581054303
0.03392549999994561,1.3687337254344865
0.033925599999945613,1.3685215780257478
0.033925699999945616,1.3683094158834532
0.033925799999945619,1.3680972390118418
0.033925899999945622,1.3678850474151525
0.033925999999945625,1.3676728410976244
0.033926099999945628,1.3674606200634967
0.03392619999994563,1.3672483843170082
0.033926299999945633,1.3670361338623986
0.033926399999945636,1.3668238687039074
0.033926499999945639,1.3666115888457737
0.033926599999945642,1.3663992942922372
0.033926699999945645,1.3661869850475374
0.033926799999945648,1.3659746611159143
0.033926899999945651,1.3657623225016076
0.033926999999945653,1.3655499692088571
0.033927099999945656,1.3653376012419027
0.033927199999945659,1.3651252186049847
0.033927299999945662,1.3649128213023427
0.033927399999945665,1.3647004093382169
0.033927499999945668,1.3644879827168479
0.033927599999945671,1.3642755414424759
0.033927699999945674,1.3640630855193412
0.033927799999945676,1.3638506149516845
0.033927899999945679,1.3636381297437461
0.033927999999945682,1.3634256298997667
0.033928099999945685,1.3632131154239868
0.033928199999945688,1.3630005863206474
0.033928299999945691,1.3627880425939891
0.033928399999945694,1.3625754842482531
0.033928499999945697,1.3623629112876805
0.033928599999945699,1.3621503237165122
0.033928699999945702,1.3619377215389894
0.033928799999945705,1.3617251047593533
0.033928899999945708,1.3615124733818453
0.033928999999945711,1.3612998274107069
0.033929099999945714,1.3610871668501792
0.033929199999945717,1.3608744917045037
0.03392929999994572,1.3606618019779224
0.033929399999945722,1.360449097674677
0.033929499999945725,1.360236378799009
0.033929599999945728,1.3600236453551604
0.033929699999945731,1.359810897347373
0.033929799999945734,1.3595981347798889
0.033929899999945737,1.3593853576569501
0.03392999999994574,1.3591725659827989
0.033930099999945743,1.3589597597616774
0.033930199999945745,1.3587469389978277
0.033930299999945748,1.3585341036954923
0.033930399999945751,1.3583212538589138
0.033930499999945754,1.3581083894923347
0.033930599999945757,1.3578955105999975
0.03393069999994576,1.3576826171861447
0.033930799999945763,1.3574697092550192
0.033930899999945766,1.3572567868108638
0.033930999999945768,1.3570438498579216
0.033931099999945771,1.3568308984004354
0.033931199999945774,1.3566179324426482
0.033931299999945777,1.3564049519888033
0.03393139999994578,1.3561919570431438
0.033931499999945783,1.3559789476099129
0.033931599999945786,1.3557659236933539
0.033931699999945789,1.3555528852977101
0.033931799999945791,1.355339832427225
0.033931899999945794,1.3551267650861423
0.033931999999945797,1.3549136832787056
0.0339320999999458,1.3547005870091589
0.033932199999945803,1.3544874762817456
0.033932299999945806,1.3542743511007096
0.033932399999945809,1.3540612114702948
0.033932499999945812,1.3538480573947453
0.033932599999945814,1.3536348888783054
0.033932699999945817,1.3534217059252189
0.03393279999994582,1.3532085085397301
0.033932899999945823,1.3529952967260832
0.033932999999945826,1.3527820704885227
0.033933099999945829,1.3525688298312932
0.033933199999945832,1.3523555747586391
0.033933299999945835,1.3521423052748047
0.033933399999945837,1.3519290213840349
0.03393349999994584,1.3517157230905745
0.033933599999945843,1.3515024103986681
0.033933699999945846,1.3512890833125606
0.033933799999945849,1.3510757418364969
0.033933899999945852,1.3508623859747222
0.033933999999945855,1.3506490157314814
0.033934099999945858,1.3504356311110199
0.03393419999994586,1.350222232117583
0.033934299999945863,1.3500691628899895
0.033934399999945866,1.3501943482076866
0.033934499999945869,1.3503195335246312
0.033934599999945872,1.3504447188405722
0.033934699999945875,1.3505699041555097
0.033934799999945878,1.3506950894694438
0.033934899999945881,1.3508202747823745
0.033934999999945883,1.3509454600943018
0.033935099999945886,1.3510706454052255
0.033935199999945889,1.3511958307151457
0.033935299999945892,1.3513210160240625
0.033935399999945895,1.3514462013319759
0.033935499999945898,1.3515713866388859
0.033935599999945901,1.3516965719447922
0.033935699999945904,1.3518217572496951
0.033935799999945906,1.3519469425535946
0.033935899999945909,1.3520721278564907
0.033935999999945912,1.3521973131583833
0.033936099999945915,1.3523224984592723
0.033936199999945918,1.3524476837591579
0.033936299999945921,1.3525728690580401
0.033936399999945924,1.3526980543559186
0.033936499999945927,1.3528232396527937
0.033936599999945929,1.3529484249486654
0.033936699999945932,1.3530736102435337
0.033936799999945935,1.3531987955373985
0.033936899999945938,1.3533239808302597
0.033936999999945941,1.3534491661221175
0.033937099999945944,1.3535743514129719
0.033937199999945947,1.3536995367028228
0.03393729999994595,1.3538247219916704
0.033937399999945952,1.3539499072795143
0.033937499999945955,1.3540750925663547
0.033937599999945958,1.3542002778521918
0.033937699999945961,1.3543254631370254
0.033937799999945964,1.3544506484208556
0.033937899999945967,1.3545758337036822
0.03393799999994597,1.3547010189855053
0.033938099999945973,1.3548262042663251
0.033938199999945975,1.3549513895461414
0.033938299999945978,1.3550765748249542
0.033938399999945981,1.3552017601027635
0.033938499999945984,1.3553269453795693
0.033938599999945987,1.3554521306553717
0.03393869999994599,1.3555773159301707
0.033938799999945993,1.3557025012039663
0.033938899999945996,1.3558276864767582
0.033938999999945998,1.3559528717485467
0.033939099999946001,1.3560780570193318
0.033939199999946004,1.3562032422891133
0.033939299999946007,1.3563284275578913
0.03393939999994601,1.3564536128256659
0.033939499999946013,1.3565787980924371
0.033939599999946016,1.3567039833582049
0.033939699999946019,1.356829168622969
0.033939799999946021,1.3569543538867297
0.033939899999946024,1.357079539149487
0.033939999999946027,1.3572047244112408
0.03394009999994603,1.3573299096719913
0.033940199999946033,1.3574550949317381
0.033940299999946036,1.3575802801904815
0.033940399999946039,1.3577054654482215
0.033940499999946042,1.357830650704958
0.033940599999946044,1.3579558359606911
0.033940699999946047,1.3580810212154206
0.03394079999994605,1.3582062064691467
0.033940899999946053,1.3583313917218693
0.033940999999946056,1.3584565769735886
0.033941099999946059,1.3585817622243044
0.033941199999946062,1.3587069474740165
0.033941299999946065,1.3588321327227253
0.033941399999946067,1.3589573179704306
0.03394149999994607,1.3590825032171325
0.033941599999946073,1.359207688462831
0.033941699999946076,1.3593328737075259
0.033941799999946079,1.3594580589512173
0.033941899999946082,1.3595832441939053
0.033941999999946085,1.3597084294355897
0.033942099999946088,1.3598336146762706
0.03394219999994609,1.3599587999159481
0.033942299999946093,1.3600839851546223
0.033942399999946096,1.3602091703922929
0.033942499999946099,1.36033435562896
0.033942599999946102,1.3604595408646236
0.033942699999946105,1.3605847260992838
0.033942799999946108,1.3607099113329406
0.033942899999946111,1.360835096565594
0.033942999999946113,1.3609602817972437
0.033943099999946116,1.36108546702789
0.033943199999946119,1.3612106522575329
0.033943299999946122,1.3613358374861724
0.033943399999946125,1.3614610227138084
0.033943499999946128,1.3615862079404408
0.033943599999946131,1.3617113931660698
0.033943699999946134,1.3618365783906954
0.033943799999946137,1.3619617636143175
0.033943899999946139,1.3620869488369363
0.033943999999946142,1.3622121340585513
0.033944099999946145,1.362337319279163
0.033944199999946148,1.3624625044987713
0.033944299999946151,1.3625876897173761
0.033944399999946154,1.3627128749349775
0.033944499999946157,1.3628380601515753
0.03394459999994616,1.3629632453671696
0.033944699999946162,1.3630884305817605
0.033944799999946165,1.3632136157953478
0.033944899999946168,1.3633388010079317
0.033944999999946171,1.3634639862195121
0.033945099999946174,1.3635891714300892
0.033945199999946177,1.3637143566396628
0.03394529999994618,1.3638395418482328
0.033945399999946183,1.3639647270557993
0.033945499999946185,1.3640899122623624
0.033945599999946188,1.3642150974679221
0.033945699999946191,1.3643402826724784
0.033945799999946194,1.3644654678760311
0.033945899999946197,1.3645906530785803
0.0339459999999462,1.3647158382801261
0.033946099999946203,1.3648410234806685
0.033946199999946206,1.3649662086802075
0.033946299999946208,1.3650913938787428
0.033946399999946211,1.3652165790762747
0.033946499999946214,1.3653417642728032
0.033946599999946217,1.3654669494683283
0.03394669999994622,1.3655921346628499
0.033946799999946223,1.3657173198563679
0.033946899999946226,1.3658425050488825
0.033946999999946229,1.3659676902403937
0.033947099999946231,1.3660928754309014
0.033947199999946234,1.3662180606204057
0.033947299999946237,1.3663432458089064
0.03394739999994624,1.3664684309964037
0.033947499999946243,1.3665936161828975
0.033947599999946246,1.366718801368388
0.033947699999946249,1.366843986552875
0.033947799999946252,1.3669691717363583
0.033947899999946254,1.3670943569188383
0.033947999999946257,1.3672195421003148
0.03394809999994626,1.3673447272807877
0.033948199999946263,1.3674699124602572
0.033948299999946266,1.3675950976387232
0.033948399999946269,1.3677202828161859
0.033948499999946272,1.3678454679926451
0.033948599999946275,1.3679706531681006
0.033948699999946277,1.3680958383425528
0.03394879999994628,1.3682210235160015
0.033948899999946283,1.3683462086884468
0.033948999999946286,1.3684713938598887
0.033949099999946289,1.3685965790303269
0.033949199999946292,1.3687217641997618
0.033949299999946295,1.3688469493681932
0.033949399999946298,1.3689721345356212
0.0339494999999463,1.3690973197020457
0.033949599999946303,1.3692225048674667
0.033949699999946306,1.3693476900318842
0.033949799999946309,1.3694728751952983
0.033949899999946312,1.3695980603577089
0.033949999999946315,1.3697232455191162
0.033950099999946318,1.3698484306795198
0.033950199999946321,1.36997361583892
0.033950299999946323,1.3700988009973167
0.033950399999946326,1.3702239861547101
0.033950499999946329,1.3703491713111
0.033950599999946332,1.3704743564664863
0.033950699999946335,1.3705995416208692
0.033950799999946338,1.3707247267742486
0.033950899999946341,1.3708499119266246
0.033950999999946344,1.3709750970779973
0.033951099999946346,1.3711002822283662
0.033951199999946349,1.3712254673777318
0.033951299999946352,1.3713506525260939
0.033951399999946355,1.3714758376734524
0.033951499999946358,1.3716010228198074
0.033951599999946361,1.3717262079651591
0.033951699999946364,1.3718513931095073
0.033951799999946367,1.3719765782528521
0.033951899999946369,1.3721017633951933
0.033951999999946372,1.372226948536531
0.033952099999946375,1.3723521336768654
0.033952199999946378,1.3724773188161963
0.033952299999946381,1.3726025039545238
0.033952399999946384,1.3727276890918476
0.033952499999946387,1.372852874228168
0.03395259999994639,1.372978059363485
0.033952699999946392,1.3731032444977986
0.033952799999946395,1.3732284296311088
0.033952899999946398,1.3733536147634153
0.033952999999946401,1.3734787998947184
0.033953099999946404,1.3736039850250181
0.033953199999946407,1.3737291701543144
0.03395329999994641,1.3738543552826072
0.033953399999946413,1.3739795404098964
0.033953499999946415,1.3741047255361822
0.033953599999946418,1.3742299106614646
0.033953699999946421,1.3743550957857436
0.033953799999946424,1.3744802809090191
0.033953899999946427,1.374605466031291
0.03395399999994643,1.3747306511525594
0.033954099999946433,1.3748558362728245
0.033954199999946436,1.3749810213920861
0.033954299999946438,1.3751062065103443
0.033954399999946441,1.3752313916275989
0.033954499999946444,1.37535657674385
0.033954599999946447,1.3754817618590978
0.03395469999994645,1.3756069469733421
0.033954799999946453,1.375732132086583
0.033954899999946456,1.3758573171988202
0.033954999999946459,1.375982502310054
0.033955099999946461,1.3761076874202844
0.033955199999946464,1.3762328725295112
0.033955299999946467,1.3763580576377346
0.03395539999994647,1.3764832427449545
0.033955499999946473,1.376608427851171
0.033955599999946476,1.3767336129563841
0.033955699999946479,1.3768587980605935
0.033955799999946482,1.3769839831637996
0.033955899999946484,1.3771091682660022
0.033955999999946487,1.3772343533672013
0.03395609999994649,1.3773595384673971
0.033956199999946493,1.3774847235665892
0.033956299999946496,1.3776099086647779
0.033956399999946499,1.3777350937619632
0.033956499999946502,1.3778602788581451
0.033956599999946505,1.3779854639533236
0.033956699999946507,1.3781106490474984
0.03395679999994651,1.3782358341406697
0.033956899999946513,1.3783610192328377
0.033956999999946516,1.3784862043240023
0.033957099999946519,1.3786113894141634
0.033957199999946522,1.3787365745033209
0.033957299999946525,1.3788617595914749
0.033957399999946528,1.3789869446786256
0.03395749999994653,1.3791121297647728
0.033957599999946533,1.3792373148499166
0.033957699999946536,1.3793624999340568
0.033957799999946539,1.3794876850171935
0.033957899999946542,1.3796128700993269
0.033957999999946545,1.3797380551804568
0.033958099999946548,1.3798632402605833
0.033958199999946551,1.3799884253397061
0.033958299999946553,1.3801136104178255
0.033958399999946556,1.3802387954949416
0.033958499999946559,1.3803639805710541
0.033958599999946562,1.3804891656461633
0.033958699999946565,1.3806143507202688
0.033958799999946568,1.3807395357933709
0.033958899999946571,1.3808647208654696
0.033958999999946574,1.3809899059365649
0.033959099999946576,1.3811150910066567
0.033959199999946579,1.381240276075745
0.033959299999946582,1.3813654611438297
0.033959399999946585,1.3814906462109111
0.033959499999946588,1.3816158312769891
0.033959599999946591,1.3817410163420636
0.033959699999946594,1.3818662014061345
0.033959799999946597,1.3819913864692019
0.033959899999946599,1.382116571531266
0.033959999999946602,1.3822417565923264
0.033960099999946605,1.3823669416523834
0.033960199999946608,1.382492126711437
0.033960299999946611,1.3826173117694871
0.033960399999946614,1.3827424968265338
0.033960499999946617,1.3828676818825769
0.03396059999994662,1.3829928669376166
0.033960699999946622,1.3831180519916528
0.033960799999946625,1.3832432370446857
0.033960899999946628,1.3833684220967151
0.033960999999946631,1.3834936071477408
0.033961099999946634,1.3836187921977632
0.033961199999946637,1.3837439772467821
0.03396129999994664,1.3838691622947976
0.033961399999946643,1.3839943473418097
0.033961499999946645,1.3841195323878182
0.033961599999946648,1.3842447174328232
0.033961699999946651,1.3843699024768248
0.033961799999946654,1.384495087519823
0.033961899999946657,1.3846202725618177
0.03396199999994666,1.3847454576028089
0.033962099999946663,1.3848706426427966
0.033962199999946666,1.3849958276817809
0.033962299999946668,1.3851210127197617
0.033962399999946671,1.3852461977567392
0.033962499999946674,1.385371382792713
0.033962599999946677,1.3854965678276834
0.03396269999994668,1.3856217528616503
0.033962799999946683,1.3857469378946139
0.033962899999946686,1.385872122926574
0.033962999999946689,1.3859973079575305
0.033963099999946691,1.3861224929874836
0.033963199999946694,1.3862476780164332
0.033963299999946697,1.3863728630443795
0.0339633999999467,1.3864980480713223
0.033963499999946703,1.3866232330972614
0.033963599999946706,1.3867484181221972
0.033963699999946709,1.3868736031461295
0.033963799999946712,1.3869987881690584
0.033963899999946714,1.3871239731909839
0.033963999999946717,1.3872491582119058
0.03396409999994672,1.3873743432318242
0.033964199999946723,1.3874995282507392
0.033964299999946726,1.3876247132686508
0.033964399999946729,1.3877498982855589
0.033964499999946732,1.3878750833014635
0.033964599999946735,1.3880002683163646
0.033964699999946737,1.3881254533302623
0.03396479999994674,1.3882506383431565
0.033964899999946743,1.3883758233550474
0.033964999999946746,1.3885010083659346
0.033965099999946749,1.3886261933758184
0.033965199999946752,1.3887513783846988
0.033965299999946755,1.3888765633925757
0.033965399999946758,1.3890017483994492
0.033965499999946761,1.3891269334053191
0.033965599999946763,1.3892521184101856
0.033965699999946766,1.3893773034140486
0.033965799999946769,1.3892264705881237
0.033965899999946772,1.389015764986993
0.033965999999946775,1.3888050480289644
0.033966099999946778,1.3885943159312262
0.033966199999946781,1.3883835686980095
0.033966299999946784,1.3881728063335455
0.033966399999946786,1.3879620288420653
0.033966499999946789,1.3877512362278004
0.033966599999946792,1.3875404284949822
0.033966699999946795,1.3873296056478421
0.033966799999946798,1.3871187676906118
0.033966899999946801,1.3869079146275232
0.033966999999946804,1.3866970464628079
0.033967099999946807,1.3864861632006977
0.033967199999946809,1.3862752648454246
0.033967299999946812,1.3860643514012205
0.033967399999946815,1.3858534228723178
0.033967499999946818,1.3856424792629487
0.033967599999946821,1.3854315205773453
0.033967699999946824,1.3852205468197401
0.033967799999946827,1.3850095579943653
0.03396789999994683,1.3847985541054537
0.033967999999946832,1.3845875351572379
0.033968099999946835,1.3843765011539504
0.033968199999946838,1.3841654520998241
0.033968299999946841,1.3839543879990921
0.033968399999946844,1.3837433088559872
0.033968499999946847,1.3835322146747424
0.03396859999994685,1.3833211054595909
0.033968699999946853,1.3831099812147656
0.033968799999946855,1.3828988419445001
0.033968899999946858,1.3826876876530279
0.033968999999946861,1.3824765183445822
0.033969099999946864,1.3822653340233966
0.033969199999946867,1.3820541346937047
0.03396929999994687,1.3818429203597404
0.033969399999946873,1.3816316910257376
0.033969499999946876,1.3814204466959299
0.033969599999946878,1.3812091873745513
0.033969699999946881,1.3809979130658361
0.033969799999946884,1.3807866237740181
0.033969899999946887,1.3805753195033315
0.03396999999994689,1.3803640002580106
0.033970099999946893,1.38015266604229
0.033970199999946896,1.3799413168604042
0.033970299999946899,1.3797299527165876
0.033970399999946901,1.3795185736150748
0.033970499999946904,1.3793071795601006
0.033970599999946907,1.3790957705558997
0.03397069999994691,1.3788843466067069
0.033970799999946913,1.3786729077167572
0.033970899999946916,1.3784614538902857
0.033970999999946919,1.3782499851315275
0.033971099999946922,1.3780385014447178
0.033971199999946924,1.377827002834092
0.033971299999946927,1.3776154893038852
0.03397139999994693,1.3774039608583331
0.033971499999946933,1.377192417501671
0.033971599999946936,1.3769808592381347
0.033971699999946939,1.37676928607196
0.033971799999946942,1.3765576980073824
0.033971899999946945,1.3763460950486377
0.033971999999946947,1.3761344771999622
0.03397209999994695,1.3759228444655918
0.033972199999946953,1.3757111968497624
0.033972299999946956,1.3754995343567102
0.033972399999946959,1.3752878569906715
0.033972499999946962,1.3750761647558825
0.033972599999946965,1.3748644576565798
0.033972699999946968,1.374652735697
0.03397279999994697,1.3744409988813795
0.033972899999946973,1.3742292472139552
0.033972999999946976,1.3740174806989638
0.033973099999946979,1.3738056993406418
0.033973199999946982,1.3735939031432263
0.033973299999946985,1.3733820921109543
0.033973399999946988,1.3731702662480627
0.033973499999946991,1.3729584255587888
0.033973599999946993,1.3727465700473698
0.033973699999946996,1.372534699718043
0.033973799999946999,1.3723228145750459
0.033973899999947002,1.372110914622616
0.033973999999947005,1.3718989998649906
0.033974099999947008,1.3716870703064075
0.033974199999947011,1.3714751259511042
0.033974299999947014,1.3712631668033186
0.033974399999947016,1.3710511928672886
0.033974499999947019,1.3708392041472521
0.033974599999947022,1.3706272006474474
0.033974699999947025,1.3704151823721122
0.033974799999947028,1.3702031493254849
0.033974899999947031,1.3699911015118036
0.033974999999947034,1.3697790389353066
0.033975099999947037,1.3695669616002326
0.033975199999947039,1.36935486951082
0.033975299999947042,1.3691427626713071
0.033975399999947045,1.3689306410859328
0.033975499999947048,1.3687185047589359
0.033975599999947051,1.368506353694555
0.033975699999947054,1.3682941878970289
0.033975799999947057,1.3680820073705968
0.03397589999994706,1.3678698121194977
0.033975999999947062,1.3676576021479705
0.033976099999947065,1.3674453774602546
0.033976199999947068,1.3672331380605895
0.033976299999947071,1.3670208839532145
0.033976399999947074,1.3668086151423688
0.033976499999947077,1.366596331632292
0.03397659999994708,1.3663840334272235
0.033976699999947083,1.3661717205314032
0.033976799999947085,1.365959392949071
0.033976899999947088,1.3657470506844664
0.033976999999947091,1.3655346937418296
0.033977099999947094,1.3653223221254003
0.033977199999947097,1.3651099358394185
0.0339772999999471,1.3648975348881245
0.033977399999947103,1.3646851192757585
0.033977499999947106,1.3644726890065608
0.033977599999947108,1.3642602440847718
0.033977699999947111,1.3640477845146317
0.033977799999947114,1.3638353103003813
0.033977899999947117,1.3636228214462611
0.03397799999994712,1.3634103179565118
0.033978099999947123,1.3631977998353741
0.033978199999947126,1.3629852670870888
0.033978299999947129,1.3627727197158968
0.033978399999947131,1.3625601577260391
0.033978499999947134,1.3623475811217567
0.033978599999947137,1.3621349899072908
0.03397869999994714,1.3619223840868826
0.033978799999947143,1.3617097636647735
0.033978899999947146,1.3614971286452047
0.033978999999947149,1.3612844790324174
0.033979099999947152,1.3610718148306535
0.033979199999947154,1.3608591360441546
0.033979299999947157,1.3606464426771623
0.03397939999994716,1.3604337347339182
0.033979499999947163,1.360221012218664
0.033979599999947166,1.3600082751356417
0.033979699999947169,1.3597955234890935
0.033979799999947172,1.3595827572832613
0.033979899999947175,1.359369976522387
0.033979999999947177,1.3591571812107131
0.03398009999994718,1.3589443713524818
0.033980199999947183,1.3587315469519354
0.033980299999947186,1.3585187080133163
0.033980399999947189,1.3583058545408668
0.033980499999947192,1.3580929865388296
0.033980599999947195,1.3578801040114474
0.033980699999947198,1.3576672069629629
0.0339807999999472,1.357454295397619
0.033980899999947203,1.3572413693196583
0.033980999999947206,1.3570284287333239
0.033981099999947209,1.3568154736428586
0.033981199999947212,1.3566025040525058
0.033981299999947215,1.3563895199665086
0.033981399999947218,1.3561765213891099
0.033981499999947221,1.3559635083245534
0.033981599999947223,1.3557504807770824
0.033981699999947226,1.3555374387509405
0.033981799999947229,1.3553243822503709
0.033981899999947232,1.3551113112796174
0.033981999999947235,1.3548982258429236
0.033982099999947238,1.3546851259445332
0.033982199999947241,1.3544720115886899
0.033982299999947244,1.354258882779638
0.033982399999947246,1.3540457395216214
0.033982499999947249,1.3538325818188839
0.033982599999947252,1.3536194096756695
0.033982699999947255,1.3534062230962227
0.033982799999947258,1.3531930220847876
0.033982899999947261,1.3529798066456087
0.033982999999947264,1.3527665767829304
0.033983099999947267,1.3525533325009973
0.033983199999947269,1.3523400738040536
0.033983299999947272,1.3521268006963441
0.033983399999947275,1.3519135131821134
0.033983499999947278,1.3517002112656065
0.033983599999947281,1.3514868949510681
0.033983699999947284,1.3512735642427431
0.033983799999947287,1.3510602191448764
0.03398389999994729,1.3508468596617131
0.033983999999947292,1.3506334857974986
0.033984099999947295,1.350420097556478
0.033984199999947298,1.3502066949428964
0.033984299999947301,1.3500536227455571
0.033984399999947304,1.3501788080633788
0.033984499999947307,1.3503039933804479
0.03398459999994731,1.3504291786965137
0.033984699999947313,1.3505543640115758
0.033984799999947315,1.3506795493256345
0.033984899999947318,1.3508047346386898
0.033984999999947321,1.3509299199507416
0.033985099999947324,1.3510551052617901
0.033985199999947327,1.3511802905718349
0.03398529999994733,1.3513054758808762
0.033985399999947333,1.3514306611889142
0.033985499999947336,1.3515558464959485
0.033985599999947338,1.3516810318019794
0.033985699999947341,1.3518062171070069
0.033985799999947344,1.3519314024110309
0.033985899999947347,1.3520565877140516
0.03398599999994735,1.3521817730160686
0.033986099999947353,1.3523069583170821
0.033986199999947356,1.3524321436170923
0.033986299999947359,1.352557328916099
0.033986399999947361,1.3526825142141023
0.033986499999947364,1.352807699511102
0.033986599999947367,1.3529328848070983
0.03398669999994737,1.3530580701020911
0.033986799999947373,1.3531832553960805
0.033986899999947376,1.3533084406890665
0.033986999999947379,1.3534336259810489
0.033987099999947382,1.3535588112720278
0.033987199999947384,1.3536839965620033
0.033987299999947387,1.3538091818509754
0.03398739999994739,1.3539343671389441
0.033987499999947393,1.3540595524259091
0.033987599999947396,1.3541847377118708
0.033987699999947399,1.354309922996829
0.033987799999947402,1.3544351082807835
0.033987899999947405,1.3545602935637346
0.033987999999947408,1.3546854788456824
0.03398809999994741,1.3548106641266267
0.033988199999947413,1.3549358494065675
0.033988299999947416,1.3550610346855048
0.033988399999947419,1.3551862199634386
0.033988499999947422,1.355311405240369
0.033988599999947425,1.3554365905162959
0.033988699999947428,1.3555617757912195
0.033988799999947431,1.3556869610651394
0.033988899999947433,1.3558121463380559
0.033988999999947436,1.355937331609969
0.033989099999947439,1.3560625168808786
0.033989199999947442,1.3561877021507849
0.033989299999947445,1.3563128874196875
0.033989399999947448,1.3564380726875866
0.033989499999947451,1.3565632579544824
0.033989599999947454,1.3566884432203747
0.033989699999947456,1.3568136284852637
0.033989799999947459,1.3569388137491489
0.033989899999947462,1.3570639990120308
0.033989999999947465,1.3571891842739092
0.033990099999947468,1.3573143695347842
0.033990199999947471,1.3574395547946558
0.033990299999947474,1.3575647400535238
0.033990399999947477,1.3576899253113883
0.033990499999947479,1.3578151105682494
0.033990599999947482,1.3579402958241069
0.033990699999947485,1.358065481078961
0.033990799999947488,1.3581906663328116
0.033990899999947491,1.3583158515856588
0.033990999999947494,1.3584410368375026
0.033991099999947497,1.3585662220883428
0.0339911999999475,1.3586914073381795
0.033991299999947502,1.3588165925870128
0.033991399999947505,1.3589417778348427
0.033991499999947508,1.3590669630816692
0.033991599999947511,1.359192148327492
0.033991699999947514,1.3593173335723114
0.033991799999947517,1.3594425188161274
0.03399189999994752,1.35956770405894
0.033991999999947523,1.3596928893007492
0.033992099999947525,1.3598180745415547
0.033992199999947528,1.3599432597813568
0.033992299999947531,1.3600684450201554
0.033992399999947534,1.3601936302579507
0.033992499999947537,1.3603188154947425
0.03399259999994754,1.3604440007305307
0.033992699999947543,1.3605691859653155
0.033992799999947546,1.3606943711990969
0.033992899999947548,1.3608195564318748
0.033992999999947551,1.3609447416636493
0.033993099999947554,1.3610699268944202
0.033993199999947557,1.3611951121241876
0.03399329999994756,1.3613202973529517
0.033993399999947563,1.3614454825807121
0.033993499999947566,1.361570667807469
0.033993599999947569,1.3616958530332226
0.033993699999947571,1.3618210382579727
0.033993799999947574,1.3619462234817195
0.033993899999947577,1.3620714087044625
0.03399399999994758,1.3621965939262022
0.033994099999947583,1.3623217791469384
0.033994199999947586,1.3624469643666712
0.033994299999947589,1.3625721495854006
0.033994399999947592,1.3626973348031264
0.033994499999947594,1.3628225200198487
0.033994599999947597,1.3629477052355676
0.0339946999999476,1.3630728904502831
0.033994799999947603,1.3631980756639952
0.033994899999947606,1.3633232608767036
0.033994999999947609,1.3634484460884086
0.033995099999947612,1.3635736312991102
0.033995199999947615,1.3636988165088084
0.033995299999947617,1.3638240017175032
0.03399539999994762,1.3639491869251943
0.033995499999947623,1.364074372131882
0.033995599999947626,1.3641995573375663
0.033995699999947629,1.3643247425422471
0.033995799999947632,1.3644499277459246
0.033995899999947635,1.3645751129485983
0.033995999999947638,1.3647002981502687
0.03399609999994764,1.3648254833509357
0.033996199999947643,1.364950668550599
0.033996299999947646,1.3650758537492589
0.033996399999947649,1.3652010389469154
0.033996499999947652,1.3653262241435684
0.033996599999947655,1.365451409339218
0.033996699999947658,1.365576594533864
0.033996799999947661,1.3657017797275066
0.033996899999947663,1.3658269649201458
0.033996999999947666,1.3659521501117815
0.033997099999947669,1.3660773353024138
0.033997199999947672,1.3662025204920425
0.033997299999947675,1.3663277056806677
0.033997399999947678,1.3664528908682896
0.033997499999947681,1.366578076054908
0.033997599999947684,1.366703261240523
0.033997699999947686,1.3668284464251343
0.033997799999947689,1.3669536316087423
0.033997899999947692,1.3670788167913468
0.033997999999947695,1.3672040019729479
0.033998099999947698,1.3673291871535456
0.033998199999947701,1.3674543723331396
0.033998299999947704,1.3675795575117302
0.033998399999947707,1.3677047426893174
0.033998499999947709,1.3678299278659012
0.033998599999947712,1.3679551130414815
0.033998699999947715,1.3680802982160583
0.033998799999947718,1.3682054833896315
0.033998899999947721,1.3683306685622014
0.033998999999947724,1.3684558537337679
0.033999099999947727,1.3685810389043309
0.03399919999994773,1.3687062240738903
0.033999299999947732,1.3688314092424463
0.033999399999947735,1.3689565944099988
0.033999499999947738,1.3690817795765478
0.033999599999947741,1.3692069647420932
0.033999699999947744,1.3693321499066353
0.033999799999947747,1.369457335070174
0.03399989999994775,1.3695825202327092
0.033999999999947753,1.3697077053942408
0.034000099999947755,1.369832890554769
0.034000199999947758,1.3699580757142937
0.034000299999947761,1.3700832608728151
0.034000399999947764,1.370208446030333
0.034000499999947767,1.3703336311868473
0.03400059999994777,1.3704588163423581
0.034000699999947773,1.3705840014968655
0.034000799999947776,1.3707091866503696
0.034000899999947778,1.3708343718028702
0.034000999999947781,1.3709595569543671
0.034001099999947784,1.3710847421048606
0.034001199999947787,1.3712099272543508
0.03400129999994779,1.3713351124028375
0.034001399999947793,1.3714602975503207
0.034001499999947796,1.3715854826968004
0.034001599999947799,1.3717106678422766
0.034001699999947801,1.3718358529867494
0.034001799999947804,1.3719610381302187
0.034001899999947807,1.3720862232726847
0.03400199999994781,1.372211408414147
0.034002099999947813,1.3723365935546059
0.034002199999947816,1.3724617786940614
0.034002299999947819,1.3725869638325134
0.034002399999947822,1.3727121489699621
0.034002499999947824,1.3728373341064071
0.034002599999947827,1.3729625192418486
0.03400269999994783,1.3730877043762868
0.034002799999947833,1.3732128895097215
0.034002899999947836,1.3733380746421529
0.034002999999947839,1.3734632597735805
0.034003099999947842,1.3735884449040048
0.034003199999947845,1.3737136300334256
0.034003299999947847,1.3738388151618428
0.03400339999994785,1.3739640002892566
0.034003499999947853,1.3740891854156669
0.034003599999947856,1.3742143705410739
0.034003699999947859,1.3743395556654774
0.034003799999947862,1.3744647407888773
0.034003899999947865,1.3745899259112737
0.034003999999947868,1.3747151110326667
0.03400409999994787,1.3748402961530564
0.034004199999947873,1.3749654812724426
0.034004299999947876,1.3750906663908251
0.034004399999947879,1.3752158515082042
0.034004499999947882,1.37534103662458
0.034004599999947885,1.3754662217399523
0.034004699999947888,1.3755914068543211
0.034004799999947891,1.3757165919676864
0.034004899999947893,1.3758417770800482
0.034004999999947896,1.3759669621914066
0.034005099999947899,1.3760921473017615
0.034005199999947902,1.3762173324111131
0.034005299999947905,1.376342517519461
0.034005399999947908,1.3764677026268055
0.034005499999947911,1.3765928877331466
0.034005599999947914,1.3767180728384842
0.034005699999947916,1.3768432579428185
0.034005799999947919,1.3769684430461491
0.034005899999947922,1.3770936281484762
0.034005999999947925,1.3772188132498
0.034006099999947928,1.3773439983501203
0.034006199999947931,1.3774691834494373
0.034006299999947934,1.3775943685477505
0.034006399999947937,1.3777195536450604
0.034006499999947939,1.3778447387413668
0.034006599999947942,1.3779699238366698
0.034006699999947945,1.3780951089309694
0.034006799999947948,1.3782202940242654
0.034006899999947951,1.3783454791165579
0.034006999999947954,1.378470664207847
0.034007099999947957,1.3785958492981327
0.03400719999994796,1.378721034387415
0.034007299999947962,1.3788462194756936
0.034007399999947965,1.3789714045629688
0.034007499999947968,1.3790965896492406
0.034007599999947971,1.3792217747345088
0.034007699999947974,1.3793469598187735
0.034007799999947977,1.3794721449020348
0.03400789999994798,1.3795973299842927
0.034007999999947983,1.3797225150655472
0.034008099999947985,1.3798477001457981
0.034008199999947988,1.3799728852250455
0.034008299999947991,1.3800980703032895
0.034008399999947994,1.38022325538053
0.034008499999947997,1.3803484404567672
0.034008599999948,1.3804736255320007
0.034008699999948003,1.3805988106062308
0.034008799999948006,1.3807239956794575
0.034008899999948008,1.3808491807516807
0.034008999999948011,1.3809743658229006
0.034009099999948014,1.3810995508931168
0.034009199999948017,1.3812247359623295
0.03400929999994802,1.3813499210305389
0.034009399999948023,1.3814751060977448
0.034009499999948026,1.3816002911639473
0.034009599999948029,1.3817254762291462
0.034009699999948032,1.3818506612933417
0.034009799999948034,1.3819758463565337
0.034009899999948037,1.3821010314187223
0.03400999999994804,1.3822262164799075
0.034010099999948043,1.3823514015400891
0.034010199999948046,1.3824765865992672
0.034010299999948049,1.3826017716574419
0.034010399999948052,1.3827269567146132
0.034010499999948055,1.3828521417707811
0.034010599999948057,1.3829773268259453
0.03401069999994806,1.3831025118801061
0.034010799999948063,1.3832276969332635
0.034010899999948066,1.3833528819854175
0.034010999999948069,1.3834780670365681
0.034011099999948072,1.383603252086715
0.034011199999948075,1.3837284371358585
0.034011299999948078,1.3838536221839985
0.03401139999994808,1.3839788072311352
0.034011499999948083,1.3841039922772684
0.034011599999948086,1.384229177322398
0.034011699999948089,1.3843543623665242
0.034011799999948092,1.384479547409647
0.034011899999948095,1.3846047324517663
0.034011999999948098,1.3847299174928822
0.034012099999948101,1.3848551025329945
0.034012199999948103,1.3849802875721033
0.034012299999948106,1.3851054726102088
0.034012399999948109,1.3852306576473106
0.034012499999948112,1.3853558426834089
0.034012599999948115,1.3854810277185039
0.034012699999948118,1.3856062127525954
0.034012799999948121,1.3857313977856835
0.034012899999948124,1.385856582817768
0.034012999999948126,1.3859817678488491
0.034013099999948129,1.3861069528789267
0.034013199999948132,1.3862321379080009
0.034013299999948135,1.3863573229360717
0.034013399999948138,1.3864825079631389
0.034013499999948141,1.3866076929892026
0.034013599999948144,1.3867328780142629
0.034013699999948147,1.3868580630383198
0.034013799999948149,1.3869832480613733
0.034013899999948152,1.3871084330834231
0.034013999999948155,1.3872336181044695
0.034014099999948158,1.3873588031245125
0.034014199999948161,1.3874839881435521
0.034014299999948164,1.3876091731615883
0.034014399999948167,1.3877343581786208
0.03401449999994817,1.3878595431946499
0.034014599999948172,1.3879847282096756
0.034014699999948175,1.3881099132236978
0.034014799999948178,1.3882350982367166
0.034014899999948181,1.3883602832487318
0.034014999999948184,1.3884854682597436
0.034015099999948187,1.388610653269752
0.03401519999994819,1.3887358382787569
0.034015299999948193,1.3888610232867584
0.034015399999948195,1.3889862082937563
0.034015499999948198,1.3891113932997508
0.034015599999948201,1.3892365783047418
0.034015699999948204,1.3893617633087294
0.034015799999948207,1.3892109275418321
0.03401589999994821,1.3890002183681593
0.034015999999948213,1.3887894978378987
0.034016099999948216,1.3885787621683414
0.034016199999948218,1.3883680113637185
0.034016299999948221,1.3881572454282611
0.034016399999948224,1.3879464643662009
0.034016499999948227,1.3877356681817692
0.03401659999994823,1.3875248568791974
0.034016699999948233,1.3873140304627172
0.034016799999948236,1.3871031889365601
0.034016899999948239,1.386892332304958
0.034016999999948241,1.3866814605721425
0.034017099999948244,1.3864705737423455
0.034017199999948247,1.386259671819799
0.03401729999994825,1.3860487548087352
0.034017399999948253,1.3858378227133863
0.034017499999948256,1.3856268755379844
0.034017599999948259,1.3854159132867618
0.034017699999948262,1.3852049359639511
0.034017799999948264,1.3849939435737848
0.034017899999948267,1.3847829361204953
0.03401799999994827,1.3845719136083152
0.034018099999948273,1.3843608760414776
0.034018199999948276,1.3841498234242153
0.034018299999948279,1.383938755760761
0.034018399999948282,1.3837276730553476
0.034018499999948285,1.3835165753122085
0.034018599999948287,1.3833054625355767
0.03401869999994829,1.3830943347296856
0.034018799999948293,1.3828831918987685
0.034018899999948296,1.3826720340470589
0.034018999999948299,1.3824608611787901
0.034019099999948302,1.3822496732981957
0.034019199999948305,1.3820384704095094
0.034019299999948308,1.3818272525169653
0.03401939999994831,1.3816160196247966
0.034019499999948313,1.3814047717372375
0.034019599999948316,1.3811935088585221
0.034019699999948319,1.3809822309928845
0.034019799999948322,1.380770938144559
0.034019899999948325,1.3805596303177796
0.034019999999948328,1.3803483075167808
0.034020099999948331,1.380136969745797
0.034020199999948333,1.3799256170090626
0.034020299999948336,1.3797142493108121
0.034020399999948339,1.3795028666552804
0.034020499999948342,1.3792914690467022
0.034020599999948345,1.3790800564893122
0.034020699999948348,1.3788686289873455
0.034020799999948351,1.378657186545037
0.034020899999948354,1.3784457291666217
0.034020999999948356,1.3782342568563348
0.034021099999948359,1.3780227696184117
0.034021199999948362,1.3778112674570877
0.034021299999948365,1.377599750376598
0.034021399999948368,1.3773882183811781
0.034021499999948371,1.3771766714750637
0.034021599999948374,1.3769651096624906
0.034021699999948377,1.3767535329476945
0.034021799999948379,1.3765419413349111
0.034021899999948382,1.3763303348283762
0.034021999999948385,1.3761187134323256
0.034022099999948388,1.3759070771509958
0.034022199999948391,1.3756954259886229
0.034022299999948394,1.3754837599494429
0.034022399999948397,1.3752720790376922
0.0340224999999484,1.3750603832576072
0.034022599999948402,1.3748486726134241
0.034022699999948405,1.3746369471093798
0.034022799999948408,1.3744252067497107
0.034022899999948411,1.3742134515386537
0.034022999999948414,1.3740016814804457
0.034023099999948417,1.3737898965793232
0.03402319999994842,1.3735780968395233
0.034023299999948423,1.373366282265283
0.034023399999948425,1.3731544528608395
0.034023499999948428,1.3729426086304299
0.034023599999948431,1.3727307495782914
0.034023699999948434,1.3725188757086615
0.034023799999948437,1.3723069870257776
0.03402389999994844,1.3720950835338772
0.034023999999948443,1.3718831652371979
0.034024099999948446,1.3716712321399771
0.034024199999948448,1.3714592842464528
0.034024299999948451,1.3712473215608629
0.034024399999948454,1.3710353440874454
0.034024499999948457,1.370823351830438
0.03402459999994846,1.3706113447940789
0.034024699999948463,1.3703993229826061
0.034024799999948466,1.370187286400258
0.034024899999948469,1.3699752350512728
0.034024999999948471,1.3697631689398888
0.034025099999948474,1.3695510880703445
0.034025199999948477,1.3693389924468786
0.03402529999994848,1.3691268820737297
0.034025399999948483,1.3689147569551363
0.034025499999948486,1.3687026170953374
0.034025599999948489,1.3684904624985716
0.034025699999948492,1.368278293169078
0.034025799999948494,1.3680661091110955
0.034025899999948497,1.3678539103288632
0.0340259999999485,1.3676416968266203
0.034026099999948503,1.3674294686086061
0.034026199999948506,1.36721722567906
0.034026299999948509,1.3670049680422214
0.034026399999948512,1.3667926957023298
0.034026499999948515,1.3665804086636244
0.034026599999948517,1.366368106930345
0.03402669999994852,1.3661557905067316
0.034026799999948523,1.3659434593970239
0.034026899999948526,1.3657311136054615
0.034026999999948529,1.3655187531362845
0.034027099999948532,1.3653063779937327
0.034027199999948535,1.3650939881820463
0.034027299999948538,1.3648815837054658
0.03402739999994854,1.3646691645682312
0.034027499999948543,1.3644567307745827
0.034027599999948546,1.3642442823287608
0.034027699999948549,1.364031819235006
0.034027799999948552,1.363819341497559
0.034027899999948555,1.3636068491206603
0.034027999999948558,1.3633943421085508
0.034028099999948561,1.3631818204654711
0.034028199999948563,1.362969284195662
0.034028299999948566,1.3627567333033646
0.034028399999948569,1.3625441677928198
0.034028499999948572,1.3623315876682689
0.034028599999948575,1.3621189929339528
0.034028699999948578,1.361906383594113
0.034028799999948581,1.3616937596529908
0.034028899999948584,1.3614811211148274
0.034028999999948586,1.3612684679838645
0.034029099999948589,1.3610558002643434
0.034029199999948592,1.3608431179605058
0.034029299999948595,1.3606304210765936
0.034029399999948598,1.3604177096168484
0.034029499999948601,1.3602049835855121
0.034029599999948604,1.3599922429868267
0.034029699999948607,1.3597794878250342
0.034029799999948609,1.3595667181043767
0.034029899999948612,1.3593539338290963
0.034029999999948615,1.3591411350034353
0.034030099999948618,1.3589283216316357
0.034030199999948621,1.35871549371794
0.034030299999948624,1.3585026512665908
0.034030399999948627,1.3582897942818306
0.03403049999994863,1.3580769227679022
0.034030599999948632,1.357864036729048
0.034030699999948635,1.3576511361695109
0.034030799999948638,1.3574382210935336
0.034030899999948641,1.3572252915053591
0.034030999999948644,1.3570123474092304
0.034031099999948647,1.3567993888093903
0.03403119999994865,1.3565864157100822
0.034031299999948653,1.3563734281155493
0.034031399999948655,1.3561604260300348
0.034031499999948658,1.3559474094577821
0.034031599999948661,1.3557343784030347
0.034031699999948664,1.355521332870036
0.034031799999948667,1.3553082728630295
0.03403189999994867,1.3550951983862589
0.034031999999948673,1.354882109443968
0.034032099999948676,1.3546690060404005
0.034032199999948679,1.3544558881798001
0.034032299999948681,1.354242755866411
0.034032399999948684,1.3540296091044772
0.034032499999948687,1.3538164478982428
0.03403259999994869,1.353603272251952
0.034032699999948693,1.3533900821698488
0.034032799999948696,1.3531768776561774
0.034032899999948699,1.3529636587151825
0.034032999999948702,1.3527504253511087
0.034033099999948704,1.3525371775682
0.034033199999948707,1.3523239153707012
0.03403329999994871,1.3521106387628572
0.034033399999948713,1.3518973477489127
0.034033499999948716,1.3516840423331122
0.034033599999948719,1.3514707225197009
0.034033699999948722,1.3512573883129237
0.034033799999948725,1.3510440397170256
0.034033899999948727,1.3508306767362515
0.03403399999994873,1.3506172993748469
0.034034099999948733,1.3504039076370571
0.034034199999948736,1.3501905015271272
0.034034299999948739,1.3500374264617825
0.034034399999948742,1.3501626117797341
0.034034499999948745,1.3502877970969331
0.034034599999948748,1.3504129824131286
0.03403469999994875,1.3505381677283206
0.034034799999948753,1.3506633530425092
0.034034899999948756,1.3507885383556941
0.034034999999948759,1.3509137236678757
0.034035099999948762,1.3510389089790538
0.034035199999948765,1.3511640942892285
0.034035299999948768,1.3512892795983997
0.034035399999948771,1.3514144649065674
0.034035499999948773,1.3515396502137316
0.034035599999948776,1.3516648355198924
0.034035699999948779,1.3517900208250497
0.034035799999948782,1.3519152061292037
0.034035899999948785,1.352040391432354
0.034035999999948788,1.3521655767345009
0.034036099999948791,1.3522907620356444
0.034036199999948794,1.3524159473357844
0.034036299999948796,1.352541132634921
0.034036399999948799,1.352666317933054
0.034036499999948802,1.3527915032301836
0.034036599999948805,1.3529166885263098
0.034036699999948808,1.3530418738214325
0.034036799999948811,1.3531670591155518
0.034036899999948814,1.3532922444086675
0.034036999999948817,1.3534174297007797
0.034037099999948819,1.3535426149918885
0.034037199999948822,1.3536678002819937
0.034037299999948825,1.3537929855710955
0.034037399999948828,1.3539181708591939
0.034037499999948831,1.3540433561462888
0.034037599999948834,1.3541685414323803
0.034037699999948837,1.3542937267174682
0.03403779999994884,1.3544189120015526
0.034037899999948842,1.3545440972846337
0.034037999999948845,1.3546692825667113
0.034038099999948848,1.3547944678477855
0.034038199999948851,1.354919653127856
0.034038299999948854,1.3550448384069231
0.034038399999948857,1.3551700236849868
0.03403849999994886,1.3552952089620471
0.034038599999948863,1.355420394238104
0.034038699999948865,1.3555455795131572
0.034038799999948868,1.355670764787207
0.034038899999948871,1.3557959500602534
0.034038999999948874,1.3559211353322964
0.034039099999948877,1.356046320603336
0.03403919999994888,1.3561715058733719
0.034039299999948883,1.3562966911424044
0.034039399999948886,1.3564218764104334
0.034039499999948888,1.3565470616774589
0.034039599999948891,1.3566722469434809
0.034039699999948894,1.3567974322084995
0.034039799999948897,1.3569226174725146
0.0340398999999489,1.3570478027355264
0.034039999999948903,1.3571729879975345
0.034040099999948906,1.3572981732585392
0.034040199999948909,1.3574233585185405
0.034040299999948911,1.3575485437775383
0.034040399999948914,1.3576737290355327
0.034040499999948917,1.3577989142925235
0.03404059999994892,1.3579240995485109
0.034040699999948923,1.3580492848034948
0.034040799999948926,1.3581744700574754
0.034040899999948929,1.3582996553104525
0.034040999999948932,1.358424840562426
0.034041099999948934,1.358550025813396
0.034041199999948937,1.3586752110633626
0.03404129999994894,1.3588003963123259
0.034041399999948943,1.3589255815602856
0.034041499999948946,1.3590507668072418
0.034041599999948949,1.3591759520531945
0.034041699999948952,1.3593011372981438
0.034041799999948955,1.3594263225420897
0.034041899999948957,1.3595515077850322
0.03404199999994896,1.359676693026971
0.034042099999948963,1.3598018782679064
0.034042199999948966,1.3599270635078384
0.034042299999948969,1.3600522487467668
0.034042399999948972,1.3601774339846917
0.034042499999948975,1.3603026192216132
0.034042599999948978,1.3604278044575313
0.03404269999994898,1.360552989692446
0.034042799999948983,1.360678174926357
0.034042899999948986,1.3608033601592646
0.034042999999948989,1.3609285453911688
0.034043099999948992,1.3610537306220696
0.034043199999948995,1.3611789158519669
0.034043299999948998,1.3613041010808606
0.034043399999949001,1.3614292863087509
0.034043499999949003,1.3615544715356378
0.034043599999949006,1.3616796567615213
0.034043699999949009,1.3618048419864013
0.034043799999949012,1.3619300272102777
0.034043899999949015,1.3620552124331506
0.034043999999949018,1.3621803976550202
0.034044099999949021,1.3623055828758863
0.034044199999949024,1.362430768095749
0.034044299999949026,1.3625559533146081
0.034044399999949029,1.3626811385324638
0.034044499999949032,1.362806323749316
0.034044599999949035,1.3629315089651648
0.034044699999949038,1.3630566941800102
0.034044799999949041,1.3631818793938519
0.034044899999949044,1.3633070646066903
0.034044999999949047,1.3634322498185252
0.034045099999949049,1.3635574350293567
0.034045199999949052,1.3636826202391847
0.034045299999949055,1.3638078054480092
0.034045399999949058,1.3639329906558302
0.034045499999949061,1.3640581758626478
0.034045599999949064,1.3641833610684617
0.034045699999949067,1.3643085462732722
0.03404579999994907,1.3644337314770794
0.034045899999949072,1.364558916679883
0.034045999999949075,1.3646841018816833
0.034046099999949078,1.3648092870824799
0.034046199999949081,1.3649344722822732
0.034046299999949084,1.3650596574810629
0.034046399999949087,1.3651848426788493
0.03404649999994909,1.3653100278756323
0.034046599999949093,1.3654352130714116
0.034046699999949095,1.3655603982661875
0.034046799999949098,1.3656855834599599
0.034046899999949101,1.365810768652729
0.034046999999949104,1.3659359538444946
0.034047099999949107,1.3660611390352566
0.03404719999994911,1.3661863242250152
0.034047299999949113,1.3663115094137703
0.034047399999949116,1.3664366946015221
0.034047499999949118,1.3665618797882704
0.034047599999949121,1.366687064974015
0.034047699999949124,1.3668122501587563
0.034047799999949127,1.3669374353424941
0.03404789999994913,1.3670626205252285
0.034047999999949133,1.3671878057069595
0.034048099999949136,1.3673129908876869
0.034048199999949139,1.3674381760674108
0.034048299999949141,1.3675633612461313
0.034048399999949144,1.3676885464238482
0.034048499999949147,1.3678137316005616
0.03404859999994915,1.3679389167762717
0.034048699999949153,1.3680641019509783
0.034048799999949156,1.3681892871246815
0.034048899999949159,1.368314472297381
0.034048999999949162,1.3684396574690771
0.034049099999949164,1.3685648426397699
0.034049199999949167,1.3686900278094591
0.03404929999994917,1.368815212978145
0.034049399999949173,1.3689403981458272
0.034049499999949176,1.3690655833125061
0.034049599999949179,1.3691907684781814
0.034049699999949182,1.3693159536428534
0.034049799999949185,1.369441138806522
0.034049899999949187,1.3695663239691869
0.03404999999994919,1.3696915091308484
0.034050099999949193,1.3698166942915064
0.034050199999949196,1.3699418794511611
0.034050299999949199,1.3700670646098123
0.034050399999949202,1.3701922497674599
0.034050499999949205,1.3703174349241041
0.034050599999949208,1.3704426200797448
0.03405069999994921,1.3705678052343822
0.034050799999949213,1.3706929903880161
0.034050899999949216,1.3708181755406463
0.034050999999949219,1.3709433606922732
0.034051099999949222,1.3710685458428966
0.034051199999949225,1.3711937309925166
0.034051299999949228,1.3713189161411332
0.034051399999949231,1.3714441012887462
0.034051499999949233,1.3715692864353557
0.034051599999949236,1.3716944715809618
0.034051699999949239,1.3718196567255645
0.034051799999949242,1.3719448418691638
0.034051899999949245,1.3720700270117594
0.034051999999949248,1.3721952121533516
0.034052099999949251,1.3723203972939404
0.034052199999949254,1.3724455824335255
0.034052299999949256,1.3725707675721073
0.034052399999949259,1.3726959527096856
0.034052499999949262,1.3728211378462605
0.034052599999949265,1.3729463229818319
0.034052699999949268,1.3730715081163998
0.034052799999949271,1.3731966932499642
0.034052899999949274,1.3733218783825252
0.034052999999949277,1.3734470635140827
0.034053099999949279,1.3735722486446369
0.034053199999949282,1.3736974337741874
0.034053299999949285,1.3738226189027345
0.034053399999949288,1.3739478040302782
0.034053499999949291,1.3740729891568184
0.034053599999949294,1.3741981742823552
0.034053699999949297,1.3743233594068884
0.0340537999999493,1.3744485445304182
0.034053899999949303,1.3745737296529446
0.034053999999949305,1.3746989147744675
0.034054099999949308,1.374824099894987
0.034054199999949311,1.3749492850145029
0.034054299999949314,1.3750744701330153
0.034054399999949317,1.3751996552505243
0.03405449999994932,1.37532484036703
0.034054599999949323,1.3754500254825321
0.034054699999949326,1.3755752105970307
0.034054799999949328,1.3757003957105258
0.034054899999949331,1.3758255808230175
0.034054999999949334,1.3759507659345058
0.034055099999949337,1.3760759510449907
0.03405519999994934,1.3762011361544719
0.034055299999949343,1.3763263212629497
0.034055399999949346,1.3764515063704241
0.034055499999949349,1.3765766914768951
0.034055599999949351,1.3767018765823626
0.034055699999949354,1.3768270616868266
0.034055799999949357,1.376952246790287
0.03405589999994936,1.3770774318927441
0.034055999999949363,1.3772026169941975
0.034056099999949366,1.3773278020946476
0.034056199999949369,1.3774529871940941
0.034056299999949372,1.3775781722925373
0.034056399999949374,1.3777033573899771
0.034056499999949377,1.3778285424864132
0.03405659999994938,1.3779537275818459
0.034056699999949383,1.3780789126762751
0.034056799999949386,1.378204097769701
0.034056899999949389,1.3783292828621234
0.034056999999949392,1.3784544679535422
0.034057099999949395,1.3785796530439576
0.034057199999949397,1.3787048381333695
0.0340572999999494,1.3788300232217781
0.034057399999949403,1.3789552083091832
0.034057499999949406,1.3790803933955846
0.034057599999949409,1.3792055784809827
0.034057699999949412,1.3793307635653773
0.034057799999949415,1.3794559486487685
0.034057899999949418,1.3795811337311563
0.03405799999994942,1.3797063188125405
0.034058099999949423,1.3798315038929212
0.034058199999949426,1.3799566889722985
0.034058299999949429,1.3800818740506724
0.034058399999949432,1.3802070591280429
0.034058499999949435,1.3803322442044097
0.034058599999949438,1.3804574292797731
0.034058699999949441,1.3805826143541331
0.034058799999949443,1.3807077994274897
0.034058899999949446,1.3808329844998428
0.034058999999949449,1.3809581695711923
0.034059099999949452,1.3810833546415384
0.034059199999949455,1.3812085397108811
0.034059299999949458,1.3813337247792203
0.034059399999949461,1.3814589098465562
0.034059499999949464,1.3815840949128884
0.034059599999949466,1.3817092799782171
0.034059699999949469,1.3818344650425425
0.034059799999949472,1.3819596501058644
0.034059899999949475,1.3820848351681829
0.034059999999949478,1.3822100202294978
0.034060099999949481,1.3823352052898092
0.034060199999949484,1.3824603903491173
0.034060299999949487,1.3825855754074219
0.034060399999949489,1.3827107604647231
0.034060499999949492,1.3828359455210206
0.034060599999949495,1.3829611305763148
0.034060699999949498,1.3830863156306055
0.034060799999949501,1.3832115006838925
0.034060899999949504,1.3833366857361762
0.034060999999949507,1.3834618707874564
0.03406109999994951,1.3835870558377332
0.034061199999949512,1.3837122408870066
0.034061299999949515,1.3838374259352764
0.034061399999949518,1.3839626109825427
0.034061499999949521,1.3840877960288056
0.034061599999949524,1.3842129810740651
0.034061699999949527,1.3843381661183212
0.03406179999994953,1.3844633511615736
0.034061899999949533,1.3845885362038226
0.034061999999949535,1.3847137212450682
0.034062099999949538,1.3848389062853104
0.034062199999949541,1.3849640913245491
0.034062299999949544,1.3850892763627842
0.034062399999949547,1.3852144614000159
0.03406249999994955,1.3853396464362442
0.034062599999949553,1.385464831471469
0.034062699999949556,1.3855900165056905
0.034062799999949558,1.3857152015389083
0.034062899999949561,1.3858403865711226
0.034062999999949564,1.3859655716023336
0.034063099999949567,1.3860907566325411
0.03406319999994957,1.3862159416617452
0.034063299999949573,1.3863411266899457
0.034063399999949576,1.3864663117171427
0.034063499999949579,1.3865914967433364
0.034063599999949581,1.3867166817685266
0.034063699999949584,1.3868418667927134
0.034063799999949587,1.3869670518158965
0.03406389999994959,1.3870922368380763
0.034063999999949593,1.3872174218592526
0.034064099999949596,1.3873426068794255
0.034064199999949599,1.3874677918985949
0.034064299999949602,1.3875929769167608
0.034064399999949604,1.3877181619339232
0.034064499999949607,1.3878433469500822
0.03406459999994961,1.3879685319652377
0.034064699999949613,1.3880937169793899
0.034064799999949616,1.3882189019925384
0.034064899999949619,1.3883440870046835
0.034064999999949622,1.3884692720158252
0.034065099999949625,1.3885944570259634
0.034065199999949627,1.3887196420350982
0.03406529999994963,1.3888448270432294
0.034065399999949633,1.3889700120503572
0.034065499999949636,1.3890951970564815
0.034065599999949639,1.3892203820616025
0.034065699999949642,1.38934556706572
0.034065799999949645,1.3891947284583139
0.034065899999949648,1.3889840158343263
0.03406599999994965,1.388773291854065
0.034066099999949653,1.3885625527349261
0.034066199999949656,1.3883517984811411
0.034066299999949659,1.3881410290969411
0.034066399999949662,1.3879302445865576
0.034066499999949665,1.3877194449542218
0.034066599999949668,1.3875086302041653
0.034066699999949671,1.3872978003406196
0.034066799999949673,1.3870869553678167
0.034066899999949676,1.3868760952899881
0.034066999999949679,1.3866652201113658
0.034067099999949682,1.3864543298361818
0.034067199999949685,1.3862434244686679
0.034067299999949688,1.3860325040130563
0.034067399999949691,1.3858215684735793
0.034067499999949694,1.3856106178544692
0.034067599999949696,1.3853996521599583
0.034067699999949699,1.3851886713942791
0.034067799999949702,1.3849776755616643
0.034067899999949705,1.3847666646663463
0.034067999999949708,1.3845556387125579
0.034068099999949711,1.3843445977045319
0.034068199999949714,1.384133541646501
0.034068299999949717,1.3839224705426985
0.034068399999949719,1.3837113843973572
0.034068499999949722,1.3835002832147103
0.034068599999949725,1.3832891669989908
0.034068699999949728,1.3830780357544323
0.034068799999949731,1.3828668894852683
0.034068899999949734,1.3826557281957319
0.034068999999949737,1.3824445518900568
0.03406909999994974,1.3822333605724766
0.034069199999949742,1.3820221542472251
0.034069299999949745,1.381810932918536
0.034069399999949748,1.3815996965906432
0.034069499999949751,1.3813884452677807
0.034069599999949754,1.3811771789541825
0.034069699999949757,1.3809658976540826
0.03406979999994976,1.3807546013717156
0.034069899999949763,1.3805432901113155
0.034069999999949765,1.3803319638771168
0.034070099999949768,1.380120622673354
0.034070199999949771,1.3799092665042616
0.034070299999949774,1.3796978953740742
0.034070399999949777,1.3794865092870263
0.03407049999994978,1.3792751082473529
0.034070599999949783,1.3790636922592889
0.034070699999949786,1.3788522613270693
0.034070799999949788,1.378640815454929
0.034070899999949791,1.3784293546471034
0.034070999999949794,1.3782178789078274
0.034071099999949797,1.3780063882413365
0.0340711999999498,1.3777948826518658
0.034071299999949803,1.3775833621436508
0.034071399999949806,1.3773718267209274
0.034071499999949809,1.3771602763879309
0.034071599999949811,1.3769487111488969
0.034071699999949814,1.3767371310080612
0.034071799999949817,1.3765255359696598
0.03407189999994982,1.3763139260379287
0.034071999999949823,1.3761023012171039
0.034072099999949826,1.3758906615114213
0.034072199999949829,1.375679006925117
0.034072299999949832,1.3754673374624278
0.034072399999949834,1.3752556531275897
0.034072499999949837,1.3750439539248389
0.03407259999994984,1.3748322398584123
0.034072699999949843,1.3746205109325464
0.034072799999949846,1.3744087671514778
0.034072899999949849,1.374197008519443
0.034072999999949852,1.3739852350406792
0.034073099999949855,1.3737734467194231
0.034073199999949857,1.3735616435599121
0.03407329999994986,1.3733498255663827
0.034073399999949863,1.3731379927430722
0.034073499999949866,1.3729261450942178
0.034073599999949869,1.372714282624057
0.034073699999949872,1.3725024053368273
0.034073799999949875,1.372290513236766
0.034073899999949878,1.3720786063281105
0.03407399999994988,1.3718666846150986
0.034074099999949883,1.3716547481019681
0.034074199999949886,1.3714427967929566
0.034074299999949889,1.3712308306923018
0.034074399999949892,1.3710188498042419
0.034074499999949895,1.370806854133015
0.034074599999949898,1.370594843682859
0.034074699999949901,1.3703828184580122
0.034074799999949903,1.3701707784627128
0.034074899999949906,1.3699587237011992
0.034074999999949909,1.3697466541777097
0.034075099999949912,1.3695345698964829
0.034075199999949915,1.3693224708617575
0.034075299999949918,1.3691103570777721
0.034075399999949921,1.3688982285487652
0.034075499999949924,1.3686860852789757
0.034075599999949926,1.3684739272726427
0.034075699999949929,1.3682617545340052
0.034075799999949932,1.3680495670673021
0.034075899999949935,1.3678373648767723
0.034075999999949938,1.3676251479666552
0.034076099999949941,1.3674129163411903
0.034076199999949944,1.3672006700046169
0.034076299999949947,1.3669884089611741
0.03407639999994995,1.3667761332151018
0.034076499999949952,1.3665638427706395
0.034076599999949955,1.3663515376320268
0.034076699999949958,1.3661392178035034
0.034076799999949961,1.3659268832893092
0.034076899999949964,1.365714534093684
0.034076999999949967,1.3655021702208681
0.03407709999994997,1.3652897916751012
0.034077199999949973,1.3650773984606235
0.034077299999949975,1.3648649905816754
0.034077399999949978,1.3646525680424972
0.034077499999949981,1.3644401308473291
0.034077599999949984,1.3642276790004115
0.034077699999949987,1.3640152125059852
0.03407779999994999,1.3638027313682908
0.034077899999949993,1.3635902355915688
0.034077999999949996,1.3633777251800598
0.034078099999949998,1.3631652001380048
0.034078199999950001,1.3629526604696447
0.034078299999950004,1.3627401061792206
0.034078399999950007,1.3625275372709735
0.03407849999995001,1.3623149537491446
0.034078599999950013,1.3621023556179748
0.034078699999950016,1.3618897428817056
0.034078799999950019,1.3616771155445786
0.034078899999950021,1.3614644736108348
0.034078999999950024,1.3612518170847159
0.034079099999950027,1.3610391459704636
0.03407919999995003,1.3608264602723195
0.034079299999950033,1.3606137599945252
0.034079399999950036,1.3604010451413227
0.034079499999950039,1.3601883157169539
0.034079599999950042,1.3599755717256605
0.034079699999950044,1.3597628131716848
0.034079799999950047,1.359550040059269
0.03407989999995005,1.3593372523926555
0.034079999999950053,1.359124450176086
0.034080099999950056,1.3589116334138029
0.034080199999950059,1.358698802110049
0.034080299999950062,1.3584859562690665
0.034080399999950065,1.3582730958950981
0.034080499999950067,1.3580602209923867
0.03408059999995007,1.3578473315651747
0.034080699999950073,1.3576344276177048
0.034080799999950076,1.3574215091542201
0.034080899999950079,1.3572085761789636
0.034080999999950082,1.3569956286961782
0.034081099999950085,1.3567826667101068
0.034081199999950088,1.3565696902249929
0.03408129999995009,1.3563566992450795
0.034081399999950093,1.3561436937746101
0.034081499999950096,1.3559306738178281
0.034081599999950099,1.3557176393789769
0.034081699999950102,1.3555045904623
0.034081799999950105,1.3552915270720409
0.034081899999950108,1.3550784492124435
0.034081999999950111,1.3548653568877513
0.034082099999950113,1.3546522501022085
0.034082199999950116,1.3544391288600588
0.034082299999950119,1.3542259931655463
0.034082399999950122,1.3540128430229148
0.034082499999950125,1.3537996784364086
0.034082599999950128,1.353586499410272
0.034082699999950131,1.3533733059487492
0.034082799999950134,1.3531600980560843
0.034082899999950136,1.3529468757365219
0.034082999999950139,1.3527336389943068
0.034083099999950142,1.3525203878336831
0.034083199999950145,1.3523071222588956
0.034083299999950148,1.3520938422741891
0.034083399999950151,1.3518805478838083
0.034083499999950154,1.3516672390919982
0.034083599999950157,1.3514539159030035
0.034083699999950159,1.3512405783210693
0.034083799999950162,1.3510272263504406
0.034083899999950165,1.3508138599953627
0.034083999999950168,1.3506004792600808
0.034084099999950171,1.3503870841488399
0.034084199999950174,1.3501736746658857
0.034084299999950177,1.3500205968338859
0.03408439999995018,1.3501457821519725
0.034084499999950182,1.3502709674693063
0.034084599999950185,1.3503961527856367
0.034084699999950188,1.3505213381009635
0.034084799999950191,1.3506465234152869
0.034084899999950194,1.3507717087286069
0.034084999999950197,1.3508968940409234
0.0340850999999502,1.3510220793522365
0.034085199999950203,1.351147264662546
0.034085299999950205,1.351272449971852
0.034085399999950208,1.3513976352801547
0.034085499999950211,1.3515228205874539
0.034085599999950214,1.3516480058937497
0.034085699999950217,1.3517731911990418
0.03408579999995022,1.3518983765033306
0.034085899999950223,1.3520235618066159
0.034085999999950226,1.3521487471088978
0.034086099999950228,1.3522739324101762
0.034086199999950231,1.3523991177104511
0.034086299999950234,1.3525243030097225
0.034086399999950237,1.3526494883079905
0.03408649999995024,1.3527746736052551
0.034086599999950243,1.3528998589015162
0.034086699999950246,1.3530250441967737
0.034086799999950249,1.3531502294910278
0.034086899999950251,1.3532754147842785
0.034086999999950254,1.3534006000765255
0.034087099999950257,1.3535257853677691
0.03408719999995026,1.3536509706580093
0.034087299999950263,1.3537761559472461
0.034087399999950266,1.3539013412354794
0.034087499999950269,1.3540265265227092
0.034087599999950272,1.3541517118089355
0.034087699999950274,1.3542768970941583
0.034087799999950277,1.3544020823783778
0.03408789999995028,1.3545272676615938
0.034087999999950283,1.3546524529438062
0.034088099999950286,1.3547776382250152
0.034088199999950289,1.3549028235052207
0.034088299999950292,1.3550280087844229
0.034088399999950295,1.3551531940626216
0.034088499999950297,1.3552783793398167
0.0340885999999503,1.3554035646160083
0.034088699999950303,1.3555287498911965
0.034088799999950306,1.3556539351653814
0.034088899999950309,1.3557791204385627
0.034088999999950312,1.3559043057107405
0.034089099999950315,1.3560294909819148
0.034089199999950318,1.3561546762520857
0.03408929999995032,1.356279861521253
0.034089399999950323,1.3564050467894169
0.034089499999950326,1.3565302320565773
0.034089599999950329,1.3566554173227343
0.034089699999950332,1.3567806025878879
0.034089799999950335,1.3569057878520379
0.034089899999950338,1.3570309731151844
0.034089999999950341,1.3571561583773275
0.034090099999950343,1.3572813436384672
0.034090199999950346,1.3574065288986035
0.034090299999950349,1.3575317141577361
0.034090399999950352,1.3576568994158653
0.034090499999950355,1.3577820846729911
0.034090599999950358,1.3579072699291135
0.034090699999950361,1.3580324551842324
0.034090799999950364,1.3581576404383477
0.034090899999950366,1.3582828256914596
0.034090999999950369,1.3584080109435681
0.034091099999950372,1.3585331961946732
0.034091199999950375,1.3586583814447748
0.034091299999950378,1.3587835666938728
0.034091399999950381,1.3589087519419674
0.034091499999950384,1.3590339371890585
0.034091599999950387,1.3591591224351462
0.034091699999950389,1.3592843076802306
0.034091799999950392,1.3594094929243112
0.034091899999950395,1.3595346781673885
0.034091999999950398,1.3596598634094623
0.034092099999950401,1.3597850486505325
0.034092199999950404,1.3599102338905993
0.034092299999950407,1.3600354191296626
0.03409239999995041,1.3601606043677226
0.034092499999950412,1.3602857896047791
0.034092599999950415,1.360410974840832
0.034092699999950418,1.3605361600758814
0.034092799999950421,1.3606613453099274
0.034092899999950424,1.3607865305429701
0.034092999999950427,1.3609117157750092
0.03409309999995043,1.3610369010060448
0.034093199999950433,1.3611620862360769
0.034093299999950435,1.3612872714651056
0.034093399999950438,1.3614124566931309
0.034093499999950441,1.3615376419201528
0.034093599999950444,1.361662827146171
0.034093699999950447,1.3617880123711859
0.03409379999995045,1.3619131975951972
0.034093899999950453,1.3620383828182052
0.034093999999950456,1.3621635680402098
0.034094099999950458,1.3622887532612107
0.034094199999950461,1.3624139384812082
