Time,Il
0.037275200000041933,1.2512657576735364e-005
0.037275300000041936,1.2512657576735364e-005
0.037275400000041939,1.2505552149377763e-005
0.037275500000041942,1.2505552149377763e-005
0.037275600000041945,1.2505552149377763e-005
0.037275700000041948,1.2505552149377763e-005
0.03727580000004195,1.2505552149377763e-005
0.037275900000041953,1.2512657576735364e-005
0.037276000000041956,1.2498446722020162e-005
0.037276100000041959,1.2505552149377763e-005
0.037276200000041962,1.2512657576735364e-005
0.037276300000041965,1.2505552149377763e-005
0.037276400000041968,1.2505552149377763e-005
0.037276500000041971,1.2512657576735364e-005
0.037276600000041973,1.2505552149377763e-005
0.037276700000041976,1.2505552149377763e-005
0.037276800000041979,1.2505552149377763e-005
0.037276900000041982,1.2505552149377763e-005
0.037277000000041985,1.2512657576735364e-005
0.037277100000041988,1.2505552149377763e-005
0.037277200000041991,1.2505552149377763e-005
0.037277300000041994,1.2505552149377763e-005
0.037277400000041996,1.2512657576735364e-005
0.037277500000041999,1.2505552149377763e-005
0.037277600000042002,1.2505552149377763e-005
0.037277700000042005,1.2512657576735364e-005
0.037277800000042008,1.2505552149377763e-005
0.037277900000042011,1.2512657576735364e-005
0.037278000000042014,1.2512657576735364e-005
0.037278100000042017,1.2505552149377763e-005
0.037278200000042019,1.2505552149377763e-005
0.037278300000042022,1.2505552149377763e-005
0.037278400000042025,1.2512657576735364e-005
0.037278500000042028,1.2505552149377763e-005
0.037278600000042031,1.2505552149377763e-005
0.037278700000042034,1.2512657576735364e-005
0.037278800000042037,1.2519763004092965e-005
0.03727890000004204,1.2512657576735364e-005
0.037279000000042042,1.2512657576735364e-005
0.037279100000042045,1.2519763004092965e-005
0.037279200000042048,1.2519763004092965e-005
0.037279300000042051,1.2519763004092965e-005
0.037279400000042054,1.2505552149377763e-005
0.037279500000042057,1.2512657576735364e-005
0.03727960000004206,1.2512657576735364e-005
0.037279700000042063,1.2512657576735364e-005
0.037279800000042065,1.2519763004092965e-005
0.037279900000042068,1.2512657576735364e-005
0.037280000000042071,1.2519763004092965e-005
0.037280100000042074,1.2512657576735364e-005
0.037280200000042077,1.2519763004092965e-005
0.03728030000004208,1.2519763004092965e-005
0.037280400000042083,1.2519763004092965e-005
0.037280500000042086,1.2512657576735364e-005
0.037280600000042088,1.2512657576735364e-005
0.037280700000042091,1.2519763004092965e-005
0.037280800000042094,1.2512657576735364e-005
0.037280900000042097,1.2512657576735364e-005
0.0372810000000421,1.2519763004092965e-005
0.037281100000042103,1.2512657576735364e-005
0.037281200000042106,1.2512657576735364e-005
0.037281300000042109,1.2512657576735364e-005
0.037281400000042111,1.2512657576735364e-005
0.037281500000042114,1.2512657576735364e-005
0.037281600000042117,1.2519763004092965e-005
0.03728170000004212,1.2512657576735364e-005
0.037281800000042123,1.2512657576735364e-005
0.037281900000042126,1.2519763004092965e-005
0.037282000000042129,1.2512657576735364e-005
0.037282100000042132,1.2512657576735364e-005
0.037282200000042134,1.2519763004092965e-005
0.037282300000042137,1.2519763004092965e-005
0.03728240000004214,1.2519763004092965e-005
0.037282500000042143,1.2512657576735364e-005
0.037282600000042146,1.2512657576735364e-005
0.037282700000042149,1.2519763004092965e-005
0.037282800000042152,1.2512657576735364e-005
0.037282900000042155,1.2519763004092965e-005
0.037283000000042157,1.2512657576735364e-005
0.03728310000004216,1.2512657576735364e-005
0.037283200000042163,1.2512657576735364e-005
0.037283300000042166,1.2519763004092965e-005
0.037283400000042169,1.2519763004092965e-005
0.037283500000042172,1.2512657576735364e-005
0.037283600000042175,1.2526868431450566e-005
0.037283700000042178,1.2519763004092965e-005
0.03728380000004218,1.2519763004092965e-005
0.037283900000042183,1.2526868431450566e-005
0.037284000000042186,1.2526868431450566e-005
0.037284100000042189,1.2526868431450566e-005
0.037284200000042192,1.2526868431450566e-005
0.037284300000042195,1.2519763004092965e-005
0.037284400000042198,1.2526868431450566e-005
0.037284500000042201,1.2526868431450566e-005
0.037284600000042203,1.2519763004092965e-005
0.037284700000042206,1.2519763004092965e-005
0.037284800000042209,1.2519763004092965e-005
0.037284900000042212,1.2519763004092965e-005
0.037285000000042215,1.2526868431450566e-005
0.037285100000042218,1.2526868431450566e-005
0.037285200000042221,1.2526868431450566e-005
0.037285300000042224,1.2519763004092965e-005
0.037285400000042226,1.2526868431450566e-005
0.037285500000042229,1.2519763004092965e-005
0.037285600000042232,1.2526868431450566e-005
0.037285700000042235,1.2526868431450566e-005
0.037285800000042238,1.2519763004092965e-005
0.037285900000042241,1.2519763004092965e-005
0.037286000000042244,1.2519763004092965e-005
0.037286100000042247,1.2519763004092965e-005
0.037286200000042249,1.2519763004092965e-005
0.037286300000042252,1.2526868431450566e-005
0.037286400000042255,1.2519763004092965e-005
0.037286500000042258,1.2526868431450566e-005
0.037286600000042261,1.2519763004092965e-005
0.037286700000042264,1.2526868431450566e-005
0.037286800000042267,1.2526868431450566e-005
0.03728690000004227,1.2519763004092965e-005
0.037287000000042272,1.2519763004092965e-005
0.037287100000042275,1.2526868431450566e-005
0.037287200000042278,1.2526868431450566e-005
0.037287300000042281,1.2526868431450566e-005
0.037287400000042284,1.2519763004092965e-005
0.037287500000042287,1.2519763004092965e-005
0.03728760000004229,1.2526868431450566e-005
0.037287700000042293,1.2526868431450566e-005
0.037287800000042295,1.2519763004092965e-005
0.037287900000042298,1.2519763004092965e-005
0.037288000000042301,1.2526868431450566e-005
0.037288100000042304,1.2526868431450566e-005
0.037288200000042307,1.2519763004092965e-005
0.03728830000004231,1.2519763004092965e-005
0.037288400000042313,1.2519763004092965e-005
0.037288500000042316,1.2519763004092965e-005
0.037288600000042318,1.2526868431450566e-005
0.037288700000042321,1.2526868431450566e-005
0.037288800000042324,1.2526868431450566e-005
0.037288900000042327,1.2533973858808167e-005
0.03728900000004233,1.2526868431450566e-005
0.037289100000042333,1.2526868431450566e-005
0.037289200000042336,1.2533973858808167e-005
0.037289300000042339,1.2526868431450566e-005
0.037289400000042341,1.2533973858808167e-005
0.037289500000042344,1.2533973858808167e-005
0.037289600000042347,1.2526868431450566e-005
0.03728970000004235,1.2533973858808167e-005
0.037289800000042353,1.2533973858808167e-005
0.037289900000042356,1.2526868431450566e-005
0.037290000000042359,1.2533973858808167e-005
0.037290100000042362,1.2935998938701232
0.037290200000042364,1.2940009384010409
0.037290300000042367,1.2944019687211039
0.03729040000004237,1.2948030132520216
0.037290500000042373,1.2952040577829393
0.037290600000042376,1.2956050881030023
0.037290700000042379,1.2960061184230653
0.037290800000042382,1.2964071629539831
0.037290900000042385,1.2968081790631913
0.037291000000042387,1.2972092235941091
0.03729110000004239,1.2976102681250268
0.037291200000042393,1.2980112984450898
0.037291300000042396,1.2984123287651528
0.037291400000042399,1.2988133732960705
0.037291500000042402,1.2992144036161335
0.037291600000042405,1.2996154339361965
0.037291700000042408,1.3000164784671142
0.03729180000004241,1.3004175229980319
0.037291900000042413,1.3008185533180949
0.037292000000042416,1.3012195978490126
0.037292100000042419,1.3016206281690756
0.037292200000042422,1.3020216584891386
0.037292300000042425,1.3024226888092016
0.037292400000042428,1.3028237333401194
0.037292500000042431,1.3032247636601824
0.037292600000042433,1.3036258081911001
0.037292700000042436,1.3040268385111631
0.037292800000042439,1.3044278830420808
0.037292900000042442,1.3048289133621438
0.037293000000042445,1.3052299436822068
0.037293100000042448,1.3056309882131245
0.037293200000042451,1.3060320185331875
0.037293300000042454,1.3064330488532505
0.037293400000042456,1.3068340933841682
0.037293500000042459,1.3072351379150859
0.037293600000042462,1.3076361682351489
0.037293700000042465,1.3080371985552119
0.037293800000042468,1.3084382430861297
0.037293900000042471,1.3088392876170474
0.037294000000042474,1.3092403179371104
0.037294100000042477,1.3096413624680281
0.037294200000042479,1.3100423927880911
0.037294300000042482,1.3104434088972994
0.037294400000042485,1.3108444392173624
0.037294500000042488,1.3112454979591348
0.037294600000042491,1.3116465282791978
0.037294700000042494,1.3120475585992608
0.037294800000042497,1.3124485889193238
0.0372949000000425,1.3128496334502415
0.037295000000042502,1.3132506637703045
0.037295100000042505,1.3136517083012222
0.037295200000042508,1.31405275283214
0.037295300000042511,1.3144537689413482
0.037295400000042514,1.3148547992614112
0.037295500000042517,1.3152558295814742
0.03729560000004252,1.3156568599015372
0.037295700000042523,1.316057904432455
0.037295800000042525,1.316458934752518
0.037295900000042528,1.3168599792834357
0.037296000000042531,1.3172610238143534
0.037296100000042534,1.3176620541344164
0.037296200000042537,1.3180630844544794
0.03729630000004254,1.3184641005636877
0.037296400000042543,1.3188651593054601
0.037296500000042546,1.3192661896255231
0.037296600000042548,1.3196672199455861
0.037296700000042551,1.3200682502656491
0.037296800000042554,1.3204692947965668
0.037296900000042557,1.3208703393274845
0.03729700000004256,1.3212713696475475
0.037297100000042563,1.3216723857567558
0.037297200000042566,1.3220734302876735
0.037297300000042569,1.3224744748185913
0.037297400000042571,1.3228755051386543
0.037297500000042574,1.323276549669572
0.037297600000042577,1.323677579989635
0.03729770000004258,1.324078610309698
0.037297800000042583,1.3244796548406157
0.037297900000042586,1.3248806851606787
0.037298000000042589,1.3252817154807417
0.037298100000042592,1.3256827600116594
0.037298200000042595,1.3260837903317224
0.037298300000042597,1.3264848206517854
0.0372984000000426,1.3268858651827031
0.037298500000042603,1.3272868955027661
0.037298600000042606,1.3276879400336838
0.037298700000042609,1.3280889703537468
0.037298800000042612,1.3284900006738098
0.037298900000042615,1.3288910309938728
0.037299000000042618,1.3292920755247906
0.03729910000004262,1.3296931058448536
0.037299200000042623,1.3300941361649166
0.037299300000042626,1.3304951806958343
0.037299400000042629,1.330896225226752
0.037299500000042632,1.331297255546815
0.037299600000042635,1.3316982716560233
0.037299700000042638,1.3320993303977957
0.037299800000042641,1.3325003607178587
0.037299900000042643,1.3329014052487764
0.037300000000042646,1.3333024355688394
0.037300100000042649,1.3337034658889024
0.037300200000042652,1.3341044962089654
0.037300300000042655,1.3345055407398831
0.037300400000042658,1.3349065710599461
0.037300500000042661,1.3353076013800091
0.037300600000042664,1.3357086459109269
0.037300700000042666,1.3361096762309899
0.037300800000042669,1.3365107207619076
0.037300900000042672,1.3369117368711159
0.037301000000042675,1.3373127671911789
0.037301100000042678,1.3377138117220966
0.037301200000042681,1.3381148562530143
0.037301300000042684,1.3385158865730773
0.037301400000042687,1.338916931103995
0.037301500000042689,1.339317961424058
0.037301600000042692,1.3397189775332663
0.037301700000042695,1.340120022064184
0.037301800000042698,1.3405210665951017
0.037301900000042701,1.34092208270431
0.037302000000042704,1.3413231272352277
0.037302100000042707,1.3417241575552907
0.03730220000004271,1.3421251878753537
0.037302300000042712,1.3425262181954167
0.037302400000042715,1.3429272627263344
0.037302500000042718,1.3433282930463974
0.037302600000042721,1.3437293375773152
0.037302700000042724,1.3441303678973782
0.037302800000042727,1.3445314124282959
0.03730290000004273,1.3449324143266495
0.037303000000042733,1.3453334588575672
0.037303100000042735,1.3457345033884849
0.037303200000042738,1.3461355337085479
0.037303300000042741,1.3465365782394656
0.037303400000042744,1.3469376085595286
0.037303500000042747,1.3473386530904463
0.03730360000004275,1.3477396834105093
0.037303700000042753,1.3481407137305723
0.037303800000042756,1.34854175826149
0.037303900000042758,1.3489427743706983
0.037304000000042761,1.349343818901616
0.037304100000042764,1.3497448634325337
0.037304200000042767,1.350145879541742
0.03730430000004277,1.350546909861805
0.037304400000042773,1.3509479543927227
0.037304500000042776,1.3513489989236405
0.037304600000042779,1.3517500292437035
0.037304700000042781,1.3521510595637665
0.037304800000042784,1.3525520898838295
0.037304900000042787,1.3529531202038925
0.03730500000004279,1.3533541647348102
0.037305100000042793,1.3537552092657279
0.037305200000042796,1.3541562395857909
0.037305300000042799,1.3545572699058539
0.037305400000042802,1.3549583002259169
0.037305500000042804,1.3553593305459799
0.037305600000042807,1.3557603750768976
0.03730570000004281,1.3561614053969606
0.037305800000042813,1.3565624499278783
0.037305900000042816,1.3569634802479413
0.037306000000042819,1.3573645105680043
0.037306100000042822,1.3577655408880673
0.037306200000042825,1.3581665712081303
0.037306300000042827,1.3585676157390481
0.03730640000004283,1.3589686602699658
0.037306500000042833,1.3593696905900288
0.037306600000042836,1.3597707066992371
0.037306700000042839,1.3601717512301548
0.037306800000042842,1.3605727957610725
0.037306900000042845,1.3609738402919902
0.037307000000042848,1.3613748706120532
0.03730710000004285,1.3617758867212615
0.037307200000042853,1.3621769312521792
0.037307300000042856,1.3625779615722422
0.037307400000042859,1.3629789918923052
0.037307500000042862,1.3633800364232229
0.037307600000042865,1.3637810525324312
0.037307700000042868,1.3641820970633489
0.037307800000042871,1.3645831273834119
0.037307900000042873,1.3649841719143296
0.037308000000042876,1.3653852022343926
0.037308100000042879,1.3657862325544556
0.037308200000042882,1.3661872486636639
0.037308300000042885,1.3665882789837269
0.037308400000042888,1.3669893235146446
0.037308500000042891,1.3673903680455624
0.037308600000042894,1.3677913983656254
0.037308700000042896,1.3681924286856884
0.037308800000042899,1.3685934590057514
0.037308900000042902,1.3689944893258144
0.037309000000042905,1.3693955338567321
0.037309100000042908,1.3697965783876498
0.037309200000042911,1.3701975944968581
0.037309300000042914,1.3705986390277758
0.037309400000042917,1.3709996693478388
0.037309500000042919,1.3714006996679018
0.037309600000042922,1.3718017441988195
0.037309700000042925,1.3722027745188825
0.037309800000042928,1.3726038048389455
0.037309900000042931,1.3730048493698632
0.037310000000042934,1.3734058796899262
0.037310100000042937,1.2470025012589758e-005
0.03731020000004294,1.248423586730496e-005
0.037310300000042942,1.2477130439947359e-005
0.037310400000042945,1.2477130439947359e-005
0.037310500000042948,1.248423586730496e-005
0.037310600000042951,1.248423586730496e-005
0.037310700000042954,1.248423586730496e-005
0.037310800000042957,1.248423586730496e-005
0.03731090000004296,1.248423586730496e-005
0.037311000000042963,1.2477130439947359e-005
0.037311100000042965,1.248423586730496e-005
0.037311200000042968,1.248423586730496e-005
0.037311300000042971,1.248423586730496e-005
0.037311400000042974,1.2477130439947359e-005
0.037311500000042977,1.248423586730496e-005
0.03731160000004298,1.248423586730496e-005
0.037311700000042983,1.248423586730496e-005
0.037311800000042986,1.248423586730496e-005
0.037311900000042988,1.248423586730496e-005
0.037312000000042991,1.248423586730496e-005
0.037312100000042994,1.248423586730496e-005
0.037312200000042997,1.248423586730496e-005
0.037312300000043,1.248423586730496e-005
0.037312400000043003,1.248423586730496e-005
0.037312500000043006,1.248423586730496e-005
0.037312600000043009,1.248423586730496e-005
0.037312700000043011,1.248423586730496e-005
0.037312800000043014,1.2491341294662561e-005
0.037312900000043017,1.2477130439947359e-005
0.03731300000004302,1.248423586730496e-005
0.037313100000043023,1.2477130439947359e-005
0.037313200000043026,1.2491341294662561e-005
0.037313300000043029,1.248423586730496e-005
0.037313400000043032,1.2477130439947359e-005
0.037313500000043034,1.248423586730496e-005
0.037313600000043037,1.248423586730496e-005
0.03731370000004304,1.248423586730496e-005
0.037313800000043043,1.248423586730496e-005
0.037313900000043046,1.248423586730496e-005
0.037314000000043049,1.2491341294662561e-005
0.037314100000043052,1.248423586730496e-005
0.037314200000043055,1.248423586730496e-005
0.037314300000043057,1.248423586730496e-005
0.03731440000004306,1.248423586730496e-005
0.037314500000043063,1.248423586730496e-005
0.037314600000043066,1.248423586730496e-005
0.037314700000043069,1.2477130439947359e-005
0.037314800000043072,1.2477130439947359e-005
0.037314900000043075,1.2491341294662561e-005
0.037315000000043078,1.2491341294662561e-005
0.03731510000004308,1.2491341294662561e-005
0.037315200000043083,1.248423586730496e-005
0.037315300000043086,1.2491341294662561e-005
0.037315400000043089,1.2491341294662561e-005
0.037315500000043092,1.2491341294662561e-005
0.037315600000043095,1.2491341294662561e-005
0.037315700000043098,1.2491341294662561e-005
0.037315800000043101,1.2491341294662561e-005
0.037315900000043103,1.248423586730496e-005
0.037316000000043106,1.2498446722020162e-005
0.037316100000043109,1.2491341294662561e-005
0.037316200000043112,1.2491341294662561e-005
0.037316300000043115,1.2498446722020162e-005
0.037316400000043118,1.2491341294662561e-005
0.037316500000043121,1.2491341294662561e-005
0.037316600000043124,1.2491341294662561e-005
0.037316700000043126,1.2491341294662561e-005
0.037316800000043129,1.2491341294662561e-005
0.037316900000043132,1.2491341294662561e-005
0.037317000000043135,1.2491341294662561e-005
0.037317100000043138,1.2491341294662561e-005
0.037317200000043141,1.2491341294662561e-005
0.037317300000043144,1.2491341294662561e-005
0.037317400000043147,1.2491341294662561e-005
0.037317500000043149,1.2491341294662561e-005
0.037317600000043152,1.248423586730496e-005
0.037317700000043155,1.2491341294662561e-005
0.037317800000043158,1.2491341294662561e-005
0.037317900000043161,1.2491341294662561e-005
0.037318000000043164,1.2498446722020162e-005
0.037318100000043167,1.2491341294662561e-005
0.03731820000004317,1.2491341294662561e-005
0.037318300000043172,1.2491341294662561e-005
0.037318400000043175,1.2498446722020162e-005
0.037318500000043178,1.2498446722020162e-005
0.037318600000043181,1.2491341294662561e-005
0.037318700000043184,1.2491341294662561e-005
0.037318800000043187,1.248423586730496e-005
0.03731890000004319,1.2491341294662561e-005
0.037319000000043193,1.2491341294662561e-005
0.037319100000043195,1.2498446722020162e-005
0.037319200000043198,1.2491341294662561e-005
0.037319300000043201,1.2491341294662561e-005
0.037319400000043204,1.2498446722020162e-005
0.037319500000043207,1.2498446722020162e-005
0.03731960000004321,1.2505552149377763e-005
0.037319700000043213,1.2498446722020162e-005
0.037319800000043216,1.2498446722020162e-005
0.037319900000043219,1.2498446722020162e-005
0.037320000000043221,1.2505552149377763e-005
0.037320100000043224,1.2491341294662561e-005
0.037320200000043227,1.2498446722020162e-005
0.03732030000004323,1.2498446722020162e-005
0.037320400000043233,1.2505552149377763e-005
0.037320500000043236,1.2505552149377763e-005
0.037320600000043239,1.2505552149377763e-005
0.037320700000043242,1.2505552149377763e-005
0.037320800000043244,1.2498446722020162e-005
0.037320900000043247,1.2498446722020162e-005
0.03732100000004325,1.2505552149377763e-005
0.037321100000043253,1.2498446722020162e-005
0.037321200000043256,1.2498446722020162e-005
0.037321300000043259,1.2505552149377763e-005
0.037321400000043262,1.2498446722020162e-005
0.037321500000043265,1.2498446722020162e-005
0.037321600000043267,1.2498446722020162e-005
0.03732170000004327,1.2498446722020162e-005
0.037321800000043273,1.2498446722020162e-005
0.037321900000043276,1.2498446722020162e-005
0.037322000000043279,1.2505552149377763e-005
0.037322100000043282,1.2498446722020162e-005
0.037322200000043285,1.2491341294662561e-005
0.037322300000043288,1.2498446722020162e-005
0.03732240000004329,1.2505552149377763e-005
0.037322500000043293,1.2498446722020162e-005
0.037322600000043296,1.2498446722020162e-005
0.037322700000043299,1.2498446722020162e-005
0.037322800000043302,1.2498446722020162e-005
0.037322900000043305,1.2498446722020162e-005
0.037323000000043308,1.2491341294662561e-005
0.037323100000043311,1.2498446722020162e-005
0.037323200000043313,1.2498446722020162e-005
0.037323300000043316,1.2505552149377763e-005
0.037323400000043319,1.2498446722020162e-005
0.037323500000043322,1.2498446722020162e-005
0.037323600000043325,1.2498446722020162e-005
0.037323700000043328,1.2498446722020162e-005
0.037323800000043331,1.2498446722020162e-005
0.037323900000043334,1.2498446722020162e-005
0.037324000000043336,1.2505552149377763e-005
0.037324100000043339,1.2505552149377763e-005
0.037324200000043342,1.2512657576735364e-005
0.037324300000043345,1.2512657576735364e-005
0.037324400000043348,1.2512657576735364e-005
0.037324500000043351,1.2498446722020162e-005
0.037324600000043354,1.2505552149377763e-005
0.037324700000043357,1.2512657576735364e-005
0.037324800000043359,1.2512657576735364e-005
0.037324900000043362,1.2498446722020162e-005
0.037325000000043365,1.2512657576735364e-005
0.037325100000043368,1.2505552149377763e-005
0.037325200000043371,1.2505552149377763e-005
0.037325300000043374,1.2505552149377763e-005
0.037325400000043377,1.2512657576735364e-005
0.03732550000004338,1.2505552149377763e-005
0.037325600000043382,1.2505552149377763e-005
0.037325700000043385,1.2505552149377763e-005
0.037325800000043388,1.2505552149377763e-005
0.037325900000043391,1.2512657576735364e-005
0.037326000000043394,1.2505552149377763e-005
0.037326100000043397,1.2512657576735364e-005
0.0373262000000434,1.2505552149377763e-005
0.037326300000043403,1.2512657576735364e-005
0.037326400000043405,1.2505552149377763e-005
0.037326500000043408,1.2505552149377763e-005
0.037326600000043411,1.2512657576735364e-005
0.037326700000043414,1.2505552149377763e-005
0.037326800000043417,1.2512657576735364e-005
0.03732690000004342,1.2512657576735364e-005
0.037327000000043423,1.2512657576735364e-005
0.037327100000043426,1.2505552149377763e-005
0.037327200000043428,1.2505552149377763e-005
0.037327300000043431,1.2512657576735364e-005
0.037327400000043434,1.2505552149377763e-005
0.037327500000043437,1.2512657576735364e-005
0.03732760000004344,1.2505552149377763e-005
0.037327700000043443,1.2505552149377763e-005
0.037327800000043446,1.2505552149377763e-005
0.037327900000043449,1.2505552149377763e-005
0.037328000000043451,1.2512657576735364e-005
0.037328100000043454,1.2505552149377763e-005
0.037328200000043457,1.2512657576735364e-005
0.03732830000004346,1.2512657576735364e-005
0.037328400000043463,1.2505552149377763e-005
0.037328500000043466,1.2505552149377763e-005
0.037328600000043469,1.2512657576735364e-005
0.037328700000043472,1.2512657576735364e-005
0.037328800000043474,1.2512657576735364e-005
0.037328900000043477,1.2512657576735364e-005
0.03732900000004348,1.2512657576735364e-005
0.037329100000043483,1.2512657576735364e-005
0.037329200000043486,1.2519763004092965e-005
0.037329300000043489,1.2519763004092965e-005
0.037329400000043492,1.2512657576735364e-005
0.037329500000043495,1.2512657576735364e-005
0.037329600000043497,1.2512657576735364e-005
0.0373297000000435,1.2519763004092965e-005
0.037329800000043503,1.2512657576735364e-005
0.037329900000043506,1.2512657576735364e-005
0.037330000000043509,1.2512657576735364e-005
0.037330100000043512,1.2519763004092965e-005
0.037330200000043515,1.2512657576735364e-005
0.037330300000043518,1.2512657576735364e-005
0.03733040000004352,1.2512657576735364e-005
0.037330500000043523,1.2512657576735364e-005
0.037330600000043526,1.2512657576735364e-005
0.037330700000043529,1.2519763004092965e-005
0.037330800000043532,1.2512657576735364e-005
0.037330900000043535,1.2512657576735364e-005
0.037331000000043538,1.2512657576735364e-005
0.037331100000043541,1.2512657576735364e-005
0.037331200000043543,1.2512657576735364e-005
0.037331300000043546,1.2512657576735364e-005
0.037331400000043549,1.2512657576735364e-005
0.037331500000043552,1.2512657576735364e-005
0.037331600000043555,1.2512657576735364e-005
0.037331700000043558,1.2512657576735364e-005
0.037331800000043561,1.2512657576735364e-005
0.037331900000043564,1.2512657576735364e-005
0.037332000000043566,1.2512657576735364e-005
0.037332100000043569,1.2512657576735364e-005
0.037332200000043572,1.2512657576735364e-005
0.037332300000043575,1.2512657576735364e-005
0.037332400000043578,1.2512657576735364e-005
0.037332500000043581,1.2519763004092965e-005
0.037332600000043584,1.2512657576735364e-005
0.037332700000043587,1.2519763004092965e-005
0.037332800000043589,1.2512657576735364e-005
0.037332900000043592,1.2512657576735364e-005
0.037333000000043595,1.2519763004092965e-005
0.037333100000043598,1.2519763004092965e-005
0.037333200000043601,1.2512657576735364e-005
0.037333300000043604,1.2512657576735364e-005
0.037333400000043607,1.2519763004092965e-005
0.03733350000004361,1.2519763004092965e-005
0.037333600000043612,1.2526868431450566e-005
0.037333700000043615,1.2526868431450566e-005
0.037333800000043618,1.2526868431450566e-005
0.037333900000043621,1.2519763004092965e-005
0.037334000000043624,1.2526868431450566e-005
0.037334100000043627,1.2519763004092965e-005
0.03733420000004363,1.2519763004092965e-005
0.037334300000043633,1.2526868431450566e-005
0.037334400000043635,1.2526868431450566e-005
0.037334500000043638,1.2519763004092965e-005
0.037334600000043641,1.2519763004092965e-005
0.037334700000043644,1.2519763004092965e-005
0.037334800000043647,1.2526868431450566e-005
0.03733490000004365,1.2526868431450566e-005
0.037335000000043653,1.2526868431450566e-005
0.037335100000043656,1.2519763004092965e-005
0.037335200000043658,1.2519763004092965e-005
0.037335300000043661,1.2519763004092965e-005
0.037335400000043664,1.2519763004092965e-005
0.037335500000043667,1.2526868431450566e-005
0.03733560000004367,1.2526868431450566e-005
0.037335700000043673,1.2519763004092965e-005
0.037335800000043676,1.2526868431450566e-005
0.037335900000043679,1.2519763004092965e-005
0.037336000000043681,1.2526868431450566e-005
0.037336100000043684,1.2526868431450566e-005
0.037336200000043687,1.2519763004092965e-005
0.03733630000004369,1.2519763004092965e-005
0.037336400000043693,1.2526868431450566e-005
0.037336500000043696,1.2526868431450566e-005
0.037336600000043699,1.2519763004092965e-005
0.037336700000043702,1.2526868431450566e-005
0.037336800000043704,1.2526868431450566e-005
0.037336900000043707,1.2519763004092965e-005
0.03733700000004371,1.2526868431450566e-005
0.037337100000043713,1.2526868431450566e-005
0.037337200000043716,1.2526868431450566e-005
0.037337300000043719,1.2526868431450566e-005
0.037337400000043722,1.2519763004092965e-005
0.037337500000043725,1.2526868431450566e-005
0.037337600000043727,1.2519763004092965e-005
0.03733770000004373,1.2519763004092965e-005
0.037337800000043733,1.2526868431450566e-005
0.037337900000043736,1.2519763004092965e-005
0.037338000000043739,1.2526868431450566e-005
0.037338100000043742,1.2526868431450566e-005
0.037338200000043745,1.2519763004092965e-005
0.037338300000043748,1.2526868431450566e-005
0.03733840000004375,1.2526868431450566e-005
0.037338500000043753,1.2526868431450566e-005
0.037338600000043756,1.2526868431450566e-005
0.037338700000043759,1.2526868431450566e-005
0.037338800000043762,1.2533973858808167e-005
0.037338900000043765,1.2533973858808167e-005
0.037339000000043768,1.2533973858808167e-005
0.037339100000043771,1.2526868431450566e-005
0.037339200000043773,1.2533973858808167e-005
0.037339300000043776,1.2533973858808167e-005
0.037339400000043779,1.2533973858808167e-005
0.037339500000043782,1.2533973858808167e-005
0.037339600000043785,1.2533973858808167e-005
0.037339700000043788,1.2533973858808167e-005
0.037339800000043791,1.2526868431450566e-005
0.037339900000043794,1.2533973858808167e-005
0.037340000000043796,1.2533973858808167e-005
0.037340100000043799,1.2935971653860179
0.037340200000043802,1.2939982099169356
0.037340300000043805,1.2943992402369986
0.037340400000043808,1.2948002705570616
0.037340500000043811,1.2952013008771246
0.037340600000043814,1.2956023311971876
0.037340700000043817,1.2960033757281053
0.037340800000043819,1.296404420259023
0.037340900000043822,1.296805450579086
0.037341000000043825,1.297206480899149
0.037341100000043828,1.2976075254300667
0.037341200000043831,1.2980085557501297
0.037341300000043834,1.2984096002810475
0.037341400000043837,1.2988106306011105
0.03734150000004384,1.2992116609211735
0.037341600000043842,1.2996127196629459
0.037341700000043845,1.3000137499830089
0.037341800000043848,1.3004147803030719
0.037341900000043851,1.3008158106231349
0.037342000000043854,1.3012168409431979
0.037342100000043857,1.3016178854741156
0.03734220000004386,1.3020189157941786
0.037342300000043863,1.3024199603250963
0.037342400000043866,1.3028209906451593
0.037342500000043868,1.303222035176077
0.037342600000043871,1.30362306549614
0.037342700000043874,1.304024095816203
0.037342800000043877,1.3044251403471208
0.03734290000004388,1.3048261706671838
0.037343000000043883,1.3052272151981015
0.037343100000043886,1.3056282455181645
0.037343200000043889,1.3060292900490822
0.037343300000043891,1.3064303203691452
0.037343400000043894,1.3068313506892082
0.037343500000043897,1.3072323952201259
0.0373436000000439,1.3076334255401889
0.037343700000043903,1.3080344700711066
0.037343800000043906,1.3084355003911696
0.037343900000043909,1.3088365449220873
0.037344000000043912,1.3092375610312956
0.037344100000043914,1.3096386055622133
0.037344200000043917,1.3100396358822763
0.03734430000004392,1.3104406662023393
0.037344400000043923,1.3108417107332571
0.037344500000043926,1.3112427552641748
0.037344600000043929,1.3116437855842378
0.037344700000043932,1.3120448301151555
0.037344800000043935,1.3124458604352185
0.037344900000043937,1.3128468907552815
0.03734500000004394,1.3132479210753445
0.037345100000043943,1.3136489656062622
0.037345200000043946,1.3140499959263252
0.037345300000043949,1.3144510262463882
0.037345400000043952,1.3148520707773059
0.037345500000043955,1.3152531153082236
0.037345600000043958,1.3156541314174319
0.03734570000004396,1.3160551617374949
0.037345800000043963,1.3164561920575579
0.037345900000043966,1.3168572223776209
0.037346000000043969,1.3172582669085386
0.037346100000043972,1.3176592972286016
0.037346200000043975,1.3180603417595194
0.037346300000043978,1.3184613862904371
0.037346400000043981,1.3188624166105001
0.037346500000043983,1.3192634469305631
0.037346600000043986,1.3196644772506261
0.037346700000043989,1.3200655217815438
0.037346800000043992,1.3204665521016068
0.037346900000043995,1.3208675824216698
0.037347000000043998,1.3212686269525875
0.037347100000044001,1.3216696714835052
0.037347200000044004,1.3220706875927135
0.037347300000044006,1.3224717463344859
0.037347400000044009,1.3228727766545489
0.037347500000044012,1.3232738069746119
0.037347600000044015,1.3236748372946749
0.037347700000044018,1.3240758676147379
0.037347800000044021,1.3244768979348009
0.037347900000044024,1.3248779424657187
0.037348000000044027,1.3252789727857817
0.037348100000044029,1.3256800173166994
0.037348200000044032,1.3260810476367624
0.037348300000044035,1.3264821063785348
0.037348400000044038,1.3268831224877431
0.037348500000044041,1.3272841670186608
0.037348600000044044,1.3276851973387238
0.037348700000044047,1.3280862276587868
0.03734880000004405,1.3284872721897045
0.037348900000044052,1.3288883025097675
0.037349000000044055,1.3292893328298305
0.037349100000044058,1.3296903773607482
0.037349200000044061,1.3300914076808112
0.037349300000044064,1.3304924380008742
0.037349400000044067,1.3308934683209372
0.03734950000004407,1.331294512851855
0.037349600000044073,1.3316955573827727
0.037349700000044075,1.3320965877028357
0.037349800000044078,1.3324976180228987
0.037349900000044081,1.3328986625538164
0.037350000000044084,1.3332996786630247
0.037350100000044087,1.3337007231939424
0.03735020000004409,1.3341017535140054
0.037350300000044093,1.3345027980449231
0.037350400000044096,1.3349038283649861
0.037350500000044098,1.3353048728959038
0.037350600000044101,1.3357059032159668
0.037350700000044104,1.3361069193251751
0.037350800000044107,1.3365079638560928
0.03735090000004411,1.3369090083870105
0.037351000000044113,1.3373100387070735
0.037351100000044116,1.3377110832379913
0.037351200000044119,1.3381121135580543
0.037351300000044121,1.3385131438781173
0.037351400000044124,1.3389141741981803
0.037351500000044127,1.339315218729098
0.03735160000004413,1.339716249049161
0.037351700000044133,1.340117279369224
0.037351800000044136,1.3405183239001417
0.037351900000044139,1.34091934000935
0.037352000000044142,1.3413203845402677
0.037352100000044144,1.3417214148603307
0.037352200000044147,1.3421224451803937
0.03735230000004415,1.3425234897113114
0.037352400000044153,1.3429245200313744
0.037352500000044156,1.3433255503514374
0.037352600000044159,1.3437265948823551
0.037352700000044162,1.3441276109915634
0.037352800000044165,1.3445286555224811
0.037352900000044167,1.3449296858425441
0.03735300000004417,1.3453307303734618
0.037353100000044173,1.3457317749043796
0.037353200000044176,1.3461328052244426
0.037353300000044179,1.3465338355445056
0.037353400000044182,1.3469348516537138
0.037353500000044185,1.3473358961846316
0.037353600000044188,1.3477369407155493
0.03735370000004419,1.3481379710356123
0.037353800000044193,1.34853901556653
0.037353900000044196,1.348940045886593
0.037354000000044199,1.349341076206656
0.037354100000044202,1.349742106526719
0.037354200000044205,1.3501431510576367
0.037354300000044208,1.3505441813776997
0.037354400000044211,1.3509452259086174
0.037354500000044213,1.3513462562286804
0.037354600000044216,1.3517472865487434
0.037354700000044219,1.3521483168688064
0.037354800000044222,1.3525493471888694
0.037354900000044225,1.3529503917197871
0.037355000000044228,1.3533514362507049
0.037355100000044231,1.3537524523599131
0.037355200000044234,1.3541534968908309
0.037355300000044236,1.3545545272108939
0.037355400000044239,1.3549555575309569
0.037355500000044242,1.3553566020618746
0.037355600000044245,1.3557576465927923
0.037355700000044248,1.3561586769128553
0.037355800000044251,1.3565596930220636
0.037355900000044254,1.3569607375529813
0.037356000000044257,1.357361782083899
0.037356100000044259,1.357762812403962
0.037356200000044262,1.358163842724025
0.037356300000044265,1.358564873044088
0.037356400000044268,1.358965903364151
0.037356500000044271,1.3593669478950687
0.037356600000044274,1.3597679782151317
0.037356700000044277,1.3601690085351947
0.03735680000004428,1.3605700530661125
0.037356900000044282,1.3609710691753207
0.037357000000044285,1.3613721279170932
0.037357100000044288,1.3617731582371562
0.037357200000044291,1.3621741885572192
0.037357300000044294,1.3625752330881369
0.037357400000044297,1.3629762491973452
0.0373575000000443,1.3633772937282629
0.037357600000044303,1.3637783240483259
0.037357700000044305,1.3641793543683889
0.037357800000044308,1.3645803988993066
0.037357900000044311,1.3649814434302243
0.037358000000044314,1.3653824595394326
0.037358100000044317,1.3657834898594956
0.03735820000004432,1.3661845201795586
0.037358300000044323,1.3665855504996216
0.037358400000044326,1.3669865950305393
0.037358500000044328,1.3673876111397476
0.037358600000044331,1.3677886414598106
0.037358700000044334,1.3681896859907283
0.037358800000044337,1.368590730521646
0.03735890000004434,1.368991760841709
0.037359000000044343,1.369392791161772
0.037359100000044346,1.369793821481835
0.037359200000044349,1.370194851801898
0.037359300000044351,1.3705958963328158
0.037359400000044354,1.3709969408637335
0.037359500000044357,1.3713979569729418
0.03735960000004436,1.3717990015038595
0.037359700000044363,1.3722000318239225
0.037359800000044366,1.3726010763548402
0.037359900000044369,1.3730021066749032
0.037360000000044372,1.3734031227841115
0.037360100000044374,1.2470025012589758e-005
0.037360200000044377,1.248423586730496e-005
0.03736030000004438,1.2477130439947359e-005
0.037360400000044383,1.2477130439947359e-005
0.037360500000044386,1.248423586730496e-005
0.037360600000044389,1.248423586730496e-005
0.037360700000044392,1.2477130439947359e-005
0.037360800000044395,1.248423586730496e-005
0.037360900000044397,1.248423586730496e-005
0.0373610000000444,1.248423586730496e-005
0.037361100000044403,1.2491341294662561e-005
0.037361200000044406,1.248423586730496e-005
0.037361300000044409,1.2477130439947359e-005
0.037361400000044412,1.248423586730496e-005
0.037361500000044415,1.248423586730496e-005
0.037361600000044418,1.248423586730496e-005
0.03736170000004442,1.2477130439947359e-005
0.037361800000044423,1.2477130439947359e-005
0.037361900000044426,1.248423586730496e-005
0.037362000000044429,1.248423586730496e-005
0.037362100000044432,1.2477130439947359e-005
0.037362200000044435,1.248423586730496e-005
0.037362300000044438,1.248423586730496e-005
0.037362400000044441,1.248423586730496e-005
0.037362500000044443,1.248423586730496e-005
0.037362600000044446,1.248423586730496e-005
0.037362700000044449,1.2477130439947359e-005
0.037362800000044452,1.248423586730496e-005
0.037362900000044455,1.248423586730496e-005
0.037363000000044458,1.2491341294662561e-005
0.037363100000044461,1.248423586730496e-005
0.037363200000044464,1.248423586730496e-005
0.037363300000044466,1.248423586730496e-005
0.037363400000044469,1.248423586730496e-005
0.037363500000044472,1.248423586730496e-005
0.037363600000044475,1.248423586730496e-005
0.037363700000044478,1.248423586730496e-005
0.037363800000044481,1.248423586730496e-005
0.037363900000044484,1.248423586730496e-005
0.037364000000044487,1.248423586730496e-005
0.03736410000004449,1.248423586730496e-005
0.037364200000044492,1.248423586730496e-005
0.037364300000044495,1.248423586730496e-005
0.037364400000044498,1.248423586730496e-005
0.037364500000044501,1.2477130439947359e-005
0.037364600000044504,1.2477130439947359e-005
0.037364700000044507,1.248423586730496e-005
0.03736480000004451,1.248423586730496e-005
0.037364900000044513,1.2498446722020162e-005
0.037365000000044515,1.2491341294662561e-005
0.037365100000044518,1.2491341294662561e-005
0.037365200000044521,1.2491341294662561e-005
0.037365300000044524,1.248423586730496e-005
0.037365400000044527,1.2491341294662561e-005
0.03736550000004453,1.2491341294662561e-005
0.037365600000044533,1.2491341294662561e-005
0.037365700000044536,1.2491341294662561e-005
0.037365800000044538,1.2498446722020162e-005
0.037365900000044541,1.248423586730496e-005
0.037366000000044544,1.2498446722020162e-005
0.037366100000044547,1.2491341294662561e-005
0.03736620000004455,1.2491341294662561e-005
0.037366300000044553,1.2491341294662561e-005
0.037366400000044556,1.2498446722020162e-005
0.037366500000044559,1.2491341294662561e-005
0.037366600000044561,1.2491341294662561e-005
0.037366700000044564,1.2498446722020162e-005
0.037366800000044567,1.2491341294662561e-005
0.03736690000004457,1.2491341294662561e-005
0.037367000000044573,1.2498446722020162e-005
0.037367100000044576,1.2491341294662561e-005
0.037367200000044579,1.2491341294662561e-005
0.037367300000044582,1.2491341294662561e-005
0.037367400000044584,1.2491341294662561e-005
0.037367500000044587,1.2491341294662561e-005
0.03736760000004459,1.2491341294662561e-005
0.037367700000044593,1.2498446722020162e-005
0.037367800000044596,1.2491341294662561e-005
0.037367900000044599,1.2491341294662561e-005
0.037368000000044602,1.2491341294662561e-005
0.037368100000044605,1.2491341294662561e-005
0.037368200000044607,1.2491341294662561e-005
0.03736830000004461,1.2498446722020162e-005
0.037368400000044613,1.2491341294662561e-005
0.037368500000044616,1.2491341294662561e-005
0.037368600000044619,1.2491341294662561e-005
0.037368700000044622,1.2491341294662561e-005
0.037368800000044625,1.2491341294662561e-005
0.037368900000044628,1.248423586730496e-005
0.03736900000004463,1.2491341294662561e-005
0.037369100000044633,1.2491341294662561e-005
0.037369200000044636,1.2491341294662561e-005
0.037369300000044639,1.2498446722020162e-005
0.037369400000044642,1.2498446722020162e-005
0.037369500000044645,1.2498446722020162e-005
0.037369600000044648,1.2498446722020162e-005
0.037369700000044651,1.2498446722020162e-005
0.037369800000044653,1.2505552149377763e-005
0.037369900000044656,1.2505552149377763e-005
0.037370000000044659,1.2498446722020162e-005
0.037370100000044662,1.2498446722020162e-005
0.037370200000044665,1.2498446722020162e-005
0.037370300000044668,1.2498446722020162e-005
0.037370400000044671,1.2498446722020162e-005
0.037370500000044674,1.2491341294662561e-005
0.037370600000044676,1.2498446722020162e-005
0.037370700000044679,1.2498446722020162e-005
0.037370800000044682,1.2491341294662561e-005
0.037370900000044685,1.2498446722020162e-005
0.037371000000044688,1.2498446722020162e-005
0.037371100000044691,1.2498446722020162e-005
0.037371200000044694,1.2498446722020162e-005
0.037371300000044697,1.2505552149377763e-005
0.037371400000044699,1.2498446722020162e-005
0.037371500000044702,1.2498446722020162e-005
0.037371600000044705,1.2505552149377763e-005
0.037371700000044708,1.2498446722020162e-005
0.037371800000044711,1.2505552149377763e-005
0.037371900000044714,1.2498446722020162e-005
0.037372000000044717,1.2498446722020162e-005
0.03737210000004472,1.2498446722020162e-005
0.037372200000044722,1.2498446722020162e-005
0.037372300000044725,1.2498446722020162e-005
0.037372400000044728,1.2498446722020162e-005
0.037372500000044731,1.2498446722020162e-005
0.037372600000044734,1.2498446722020162e-005
0.037372700000044737,1.2498446722020162e-005
0.03737280000004474,1.2505552149377763e-005
0.037372900000044743,1.2498446722020162e-005
0.037373000000044745,1.2505552149377763e-005
0.037373100000044748,1.2498446722020162e-005
0.037373200000044751,1.2498446722020162e-005
0.037373300000044754,1.2498446722020162e-005
0.037373400000044757,1.2498446722020162e-005
0.03737350000004476,1.2498446722020162e-005
0.037373600000044763,1.2498446722020162e-005
0.037373700000044766,1.2498446722020162e-005
0.037373800000044768,1.2498446722020162e-005
0.037373900000044771,1.2498446722020162e-005
0.037374000000044774,1.2505552149377763e-005
0.037374100000044777,1.2505552149377763e-005
0.03737420000004478,1.2505552149377763e-005
0.037374300000044783,1.2505552149377763e-005
0.037374400000044786,1.2512657576735364e-005
0.037374500000044789,1.2505552149377763e-005
0.037374600000044791,1.2505552149377763e-005
0.037374700000044794,1.2505552149377763e-005
0.037374800000044797,1.2505552149377763e-005
0.0373749000000448,1.2512657576735364e-005
0.037375000000044803,1.2505552149377763e-005
0.037375100000044806,1.2505552149377763e-005
0.037375200000044809,1.2512657576735364e-005
0.037375300000044812,1.2505552149377763e-005
0.037375400000044814,1.2505552149377763e-005
0.037375500000044817,1.2505552149377763e-005
0.03737560000004482,1.2505552149377763e-005
0.037375700000044823,1.2505552149377763e-005
0.037375800000044826,1.2505552149377763e-005
0.037375900000044829,1.2505552149377763e-005
0.037376000000044832,1.2512657576735364e-005
0.037376100000044835,1.2505552149377763e-005
0.037376200000044837,1.2512657576735364e-005
0.03737630000004484,1.2505552149377763e-005
0.037376400000044843,1.2505552149377763e-005
0.037376500000044846,1.2505552149377763e-005
0.037376600000044849,1.2505552149377763e-005
0.037376700000044852,1.2505552149377763e-005
0.037376800000044855,1.2505552149377763e-005
0.037376900000044858,1.2505552149377763e-005
0.03737700000004486,1.2505552149377763e-005
0.037377100000044863,1.2505552149377763e-005
0.037377200000044866,1.2505552149377763e-005
0.037377300000044869,1.2505552149377763e-005
0.037377400000044872,1.2505552149377763e-005
0.037377500000044875,1.2505552149377763e-005
0.037377600000044878,1.2505552149377763e-005
0.037377700000044881,1.2505552149377763e-005
0.037377800000044883,1.2505552149377763e-005
0.037377900000044886,1.2512657576735364e-005
0.037378000000044889,1.2505552149377763e-005
0.037378100000044892,1.2512657576735364e-005
0.037378200000044895,1.2505552149377763e-005
0.037378300000044898,1.2505552149377763e-005
0.037378400000044901,1.2512657576735364e-005
0.037378500000044904,1.2505552149377763e-005
0.037378600000044906,1.2505552149377763e-005
0.037378700000044909,1.2512657576735364e-005
0.037378800000044912,1.2512657576735364e-005
0.037378900000044915,1.2512657576735364e-005
0.037379000000044918,1.2512657576735364e-005
0.037379100000044921,1.2519763004092965e-005
0.037379200000044924,1.2512657576735364e-005
0.037379300000044927,1.2519763004092965e-005
0.037379400000044929,1.2512657576735364e-005
0.037379500000044932,1.2519763004092965e-005
0.037379600000044935,1.2519763004092965e-005
0.037379700000044938,1.2512657576735364e-005
0.037379800000044941,1.2519763004092965e-005
0.037379900000044944,1.2512657576735364e-005
0.037380000000044947,1.2512657576735364e-005
0.03738010000004495,1.2512657576735364e-005
0.037380200000044952,1.2512657576735364e-005
0.037380300000044955,1.2512657576735364e-005
0.037380400000044958,1.2512657576735364e-005
0.037380500000044961,1.2512657576735364e-005
0.037380600000044964,1.2519763004092965e-005
0.037380700000044967,1.2512657576735364e-005
0.03738080000004497,1.2512657576735364e-005
0.037380900000044973,1.2519763004092965e-005
0.037381000000044975,1.2519763004092965e-005
0.037381100000044978,1.2512657576735364e-005
0.037381200000044981,1.2519763004092965e-005
0.037381300000044984,1.2519763004092965e-005
0.037381400000044987,1.2512657576735364e-005
0.03738150000004499,1.2519763004092965e-005
0.037381600000044993,1.2519763004092965e-005
0.037381700000044996,1.2519763004092965e-005
0.037381800000044998,1.2512657576735364e-005
0.037381900000045001,1.2512657576735364e-005
0.037382000000045004,1.2512657576735364e-005
0.037382100000045007,1.2512657576735364e-005
0.03738220000004501,1.2512657576735364e-005
0.037382300000045013,1.2519763004092965e-005
0.037382400000045016,1.2512657576735364e-005
0.037382500000045019,1.2512657576735364e-005
0.037382600000045021,1.2512657576735364e-005
0.037382700000045024,1.2512657576735364e-005
0.037382800000045027,1.2512657576735364e-005
0.03738290000004503,1.2512657576735364e-005
0.037383000000045033,1.2512657576735364e-005
0.037383100000045036,1.2512657576735364e-005
0.037383200000045039,1.2512657576735364e-005
0.037383300000045042,1.2512657576735364e-005
0.037383400000045044,1.2519763004092965e-005
0.037383500000045047,1.2519763004092965e-005
0.03738360000004505,1.2519763004092965e-005
0.037383700000045053,1.2519763004092965e-005
0.037383800000045056,1.2526868431450566e-005
0.037383900000045059,1.2519763004092965e-005
0.037384000000045062,1.2526868431450566e-005
0.037384100000045065,1.2519763004092965e-005
0.037384200000045067,1.2519763004092965e-005
0.03738430000004507,1.2526868431450566e-005
0.037384400000045073,1.2526868431450566e-005
0.037384500000045076,1.2519763004092965e-005
0.037384600000045079,1.2526868431450566e-005
0.037384700000045082,1.2526868431450566e-005
0.037384800000045085,1.2526868431450566e-005
0.037384900000045088,1.2519763004092965e-005
0.03738500000004509,1.2519763004092965e-005
0.037385100000045093,1.2526868431450566e-005
0.037385200000045096,1.2526868431450566e-005
0.037385300000045099,1.2526868431450566e-005
0.037385400000045102,1.2526868431450566e-005
0.037385500000045105,1.2526868431450566e-005
0.037385600000045108,1.2519763004092965e-005
0.037385700000045111,1.2519763004092965e-005
0.037385800000045114,1.2526868431450566e-005
0.037385900000045116,1.2526868431450566e-005
0.037386000000045119,1.2526868431450566e-005
0.037386100000045122,1.2519763004092965e-005
0.037386200000045125,1.2519763004092965e-005
0.037386300000045128,1.2526868431450566e-005
0.037386400000045131,1.2526868431450566e-005
0.037386500000045134,1.2526868431450566e-005
0.037386600000045137,1.2519763004092965e-005
0.037386700000045139,1.2519763004092965e-005
0.037386800000045142,1.2519763004092965e-005
0.037386900000045145,1.2519763004092965e-005
0.037387000000045148,1.2519763004092965e-005
0.037387100000045151,1.2526868431450566e-005
0.037387200000045154,1.2526868431450566e-005
0.037387300000045157,1.2526868431450566e-005
0.03738740000004516,1.2519763004092965e-005
0.037387500000045162,1.2519763004092965e-005
0.037387600000045165,1.2519763004092965e-005
0.037387700000045168,1.2519763004092965e-005
0.037387800000045171,1.2526868431450566e-005
0.037387900000045174,1.2519763004092965e-005
0.037388000000045177,1.2519763004092965e-005
0.03738810000004518,1.2519763004092965e-005
0.037388200000045183,1.2519763004092965e-005
0.037388300000045185,1.2526868431450566e-005
0.037388400000045188,1.2526868431450566e-005
0.037388500000045191,1.2533973858808167e-005
0.037388600000045194,1.2526868431450566e-005
0.037388700000045197,1.2533973858808167e-005
0.0373888000000452,1.2526868431450566e-005
0.037388900000045203,1.2526868431450566e-005
0.037389000000045206,1.2526868431450566e-005
0.037389100000045208,1.2533973858808167e-005
0.037389200000045211,1.2526868431450566e-005
0.037389300000045214,1.2533973858808167e-005
0.037389400000045217,1.2533973858808167e-005
0.03738950000004522,1.2526868431450566e-005
0.037389600000045223,1.2526868431450566e-005
0.037389700000045226,1.2526868431450566e-005
0.037389800000045229,1.2533973858808167e-005
0.037389900000045231,1.2533973858808167e-005
0.037390000000045234,1.2526868431450566e-005
0.037390100000045237,1.2935942095282371
0.03739020000004524,1.2939952398483001
0.037390300000045243,1.2943962701683631
0.037390400000045246,1.2947973004884261
0.037390500000045249,1.2951983450193438
0.037390600000045252,1.2955993753394068
0.037390700000045254,1.2960004198703245
0.037390800000045257,1.2964014644012423
0.03739090000004526,1.2968024947213053
0.037391000000045263,1.2972035250413683
0.037391100000045266,1.297604569572286
0.037391200000045269,1.298005599892349
0.037391300000045272,1.2984066444232667
0.037391400000045275,1.2988076747433297
0.037391500000045277,1.2992087050633927
0.03739160000004528,1.2996097353834557
0.037391700000045283,1.3000107799143734
0.037391800000045286,1.3004118244452911
0.037391900000045289,1.3008128547653541
0.037392000000045292,1.3012138850854171
0.037392100000045295,1.3016149296163348
0.037392200000045298,1.3020159599363978
0.0373923000000453,1.3024170044673156
0.037392400000045303,1.3028180347873786
0.037392500000045306,1.3032190793182963
0.037392600000045309,1.3036201096383593
0.037392700000045312,1.3040211257475676
0.037392800000045315,1.3044221702784853
0.037392900000045318,1.304823214809403
0.037393000000045321,1.3052242593403207
0.037393100000045323,1.3056252896603837
0.037393200000045326,1.3060263199804467
0.037393300000045329,1.3064273645113644
0.037393400000045332,1.3068283948314274
0.037393500000045335,1.3072294393623451
0.037393600000045338,1.3076304696824081
0.037393700000045341,1.3080315142133259
0.037393800000045344,1.3084325303225341
0.037393900000045346,1.3088335748534519
0.037394000000045349,1.3092346051735149
0.037394100000045352,1.3096356497044326
0.037394200000045355,1.3100366800244956
0.037394300000045358,1.3104377245554133
0.037394400000045361,1.3108387548754763
0.037394500000045364,1.311239799406394
0.037394600000045367,1.311640829726457
0.037394700000045369,1.3120418742573747
0.037394800000045372,1.312442890366583
0.037394900000045375,1.3128439348975007
0.037395000000045378,1.3132449794284184
0.037395100000045381,1.3136460097484814
0.037395200000045384,1.3140470400685444
0.037395300000045387,1.3144480703886074
0.03739540000004539,1.3148491149195252
0.037395500000045392,1.3152501594504429
0.037395600000045395,1.3156511755596512
0.037395700000045398,1.3160522058797142
0.037395800000045401,1.3164532361997772
0.037395900000045404,1.3168542665198402
0.037396000000045407,1.3172553110507579
0.03739610000004541,1.3176563413708209
0.037396200000045413,1.3180573859017386
0.037396300000045415,1.3184584304326563
0.037396400000045418,1.3188594607527193
0.037396500000045421,1.3192604910727823
0.037396600000045424,1.3196615356037
0.037396700000045427,1.3200625517129083
0.03739680000004543,1.320463596243826
0.037396900000045433,1.3208646407747437
0.037397000000045436,1.3212656710948067
0.037397100000045438,1.3216667014148697
0.037397200000045441,1.3220677317349327
0.037397300000045444,1.3224687904767052
0.037397400000045447,1.3228698207967682
0.03739750000004545,1.3232708369059765
0.037397600000045453,1.3236718814368942
0.037397700000045456,1.3240729117569572
0.037397800000045459,1.3244739420770202
0.037397900000045461,1.3248749866079379
0.037398000000045464,1.3252760311388556
0.037398100000045467,1.3256770614589186
0.03739820000004547,1.3260781059898363
0.037398300000045473,1.3264791220990446
0.037398400000045476,1.3268801666299623
0.037398500000045479,1.3272811969500253
0.037398600000045482,1.327682241480943
0.037398700000045484,1.328083271801006
0.037398800000045487,1.3284843163319238
0.03739890000004549,1.3288853466519868
0.037399000000045493,1.3292863911829045
0.037399100000045496,1.3296874072921128
0.037399200000045499,1.3300884376121758
0.037399300000045502,1.3304894821430935
0.037399400000045505,1.3308905124631565
0.037399500000045507,1.3312915569940742
0.03739960000004551,1.3316925873141372
0.037399700000045513,1.3320936176342002
0.037399800000045516,1.3324946763759726
0.037399900000045519,1.3328956924851809
0.037400000000045522,1.3332967228052439
0.037400100000045525,1.3336977673361616
0.037400200000045528,1.3340988118670793
0.03740030000004553,1.3344998421871423
0.037400400000045533,1.3349008725072053
0.037400500000045536,1.3353019170381231
0.037400600000045539,1.3357029331473314
0.037400700000045542,1.3361039776782491
0.037400800000045545,1.3365050079983121
0.037400900000045548,1.3369060525292298
0.037401000000045551,1.3373070828492928
0.037401100000045553,1.3377081273802105
0.037401200000045556,1.3381091577002735
0.037401300000045559,1.3385101738094818
0.037401400000045562,1.3389112183403995
0.037401500000045565,1.3393122628713172
0.037401600000045568,1.3397132931913802
0.037401700000045571,1.3401143377222979
0.037401800000045574,1.3405153680423609
0.037401900000045576,1.3409163983624239
0.037402000000045579,1.3413174144716322
0.037402100000045582,1.3417184590025499
0.037402200000045585,1.3421194893226129
0.037402300000045588,1.3425205196426759
0.037402400000045591,1.3429215499627389
0.037402500000045594,1.3433226087045114
0.037402600000045597,1.3437236248137197
0.037402700000045599,1.3441246551337827
0.037402800000045602,1.3445256996647004
0.037402900000045605,1.3449267299847634
0.037403000000045608,1.3453277745156811
0.037403100000045611,1.3457288048357441
0.037403200000045614,1.3461298493666618
0.037403300000045617,1.3465308796867248
0.03740340000004562,1.3469319100067878
0.037403500000045622,1.3473329545377055
0.037403600000045625,1.3477339706469138
0.037403700000045628,1.3481350293886862
0.037403800000045631,1.3485360597087492
0.037403900000045634,1.3489370758179575
0.037404000000045637,1.3493381061380205
0.03740410000004564,1.3497391506689382
0.037404200000045643,1.350140195199856
0.037404300000045645,1.350541225519919
0.037404400000045648,1.350942255839982
0.037404500000045651,1.351343286160045
0.037404600000045654,1.351744316480108
0.037404700000045657,1.3521453610110257
0.03740480000004566,1.3525464055419434
0.037404900000045663,1.3529474358620064
0.037405000000045666,1.3533484661820694
0.037405100000045668,1.3537494965021324
0.037405200000045671,1.3541505268221954
0.037405300000045674,1.3545515713531131
0.037405400000045677,1.3549526158840308
0.03740550000004568,1.3553536462040938
0.037405600000045683,1.3557546765241568
0.037405700000045686,1.3561557068442198
0.037405800000045689,1.3565567371642828
0.037405900000045691,1.3569577816952005
0.037406000000045694,1.3573588120152635
0.037406100000045697,1.3577598423353265
0.0374062000000457,1.3581608726553895
0.037406300000045703,1.3585619171863073
0.037406400000045706,1.358962961717225
0.037406500000045709,1.359363992037288
0.037406600000045712,1.359765022357351
0.037406700000045714,1.3601660668882687
0.037406800000045717,1.360567082997477
0.03740690000004572,1.3609681275283947
0.037407000000045723,1.3613691578484577
0.037407100000045726,1.3617702023793754
0.037407200000045729,1.3621712326994384
0.037407300000045732,1.3625722488086467
0.037407400000045735,1.3629732933395644
0.037407500000045737,1.3633743236596274
0.03740760000004574,1.3637753681905451
0.037407700000045743,1.3641764127214628
0.037407800000045746,1.3645774430415258
0.037407900000045749,1.3649784591507341
0.037408000000045752,1.3653795036816518
0.037408100000045755,1.3657805482125696
0.037408200000045758,1.3661815501109231
0.037408300000045761,1.3665826088526956
0.037408400000045763,1.3669836107510491
0.037408500000045766,1.3673846552819668
0.037408600000045769,1.3677856998128846
0.037408700000045772,1.3681867301329476
0.037408800000045775,1.3685877604530106
0.037408900000045778,1.3689887907730736
0.037409000000045781,1.3693898210931366
0.037409100000045784,1.3697908656240543
0.037409200000045786,1.370191910154972
0.037409300000045789,1.370592940475035
0.037409400000045792,1.3709939565842433
0.037409500000045795,1.371395001115161
0.037409600000045798,1.3717960456460787
0.037409700000045801,1.3721970759661417
0.037409800000045804,1.3725981062862047
0.037409900000045807,1.3729991366062677
0.037410000000045809,1.3734001811371854
0.037410100000045812,1.2477130439947359e-005
0.037410200000045815,1.2477130439947359e-005
0.037410300000045818,1.2477130439947359e-005
0.037410400000045821,1.2477130439947359e-005
0.037410500000045824,1.248423586730496e-005
0.037410600000045827,1.248423586730496e-005
0.03741070000004583,1.248423586730496e-005
0.037410800000045832,1.248423586730496e-005
0.037410900000045835,1.248423586730496e-005
0.037411000000045838,1.248423586730496e-005
0.037411100000045841,1.248423586730496e-005
0.037411200000045844,1.248423586730496e-005
0.037411300000045847,1.248423586730496e-005
0.03741140000004585,1.248423586730496e-005
0.037411500000045853,1.2491341294662561e-005
0.037411600000045855,1.248423586730496e-005
0.037411700000045858,1.248423586730496e-005
0.037411800000045861,1.248423586730496e-005
0.037411900000045864,1.2477130439947359e-005
0.037412000000045867,1.248423586730496e-005
0.03741210000004587,1.248423586730496e-005
0.037412200000045873,1.248423586730496e-005
0.037412300000045876,1.248423586730496e-005
0.037412400000045878,1.248423586730496e-005
0.037412500000045881,1.2477130439947359e-005
0.037412600000045884,1.248423586730496e-005
0.037412700000045887,1.248423586730496e-005
0.03741280000004589,1.248423586730496e-005
0.037412900000045893,1.248423586730496e-005
0.037413000000045896,1.2491341294662561e-005
0.037413100000045899,1.248423586730496e-005
0.037413200000045901,1.248423586730496e-005
0.037413300000045904,1.248423586730496e-005
0.037413400000045907,1.2477130439947359e-005
0.03741350000004591,1.248423586730496e-005
0.037413600000045913,1.2477130439947359e-005
0.037413700000045916,1.2477130439947359e-005
0.037413800000045919,1.2477130439947359e-005
0.037413900000045922,1.248423586730496e-005
0.037414000000045924,1.248423586730496e-005
0.037414100000045927,1.2491341294662561e-005
0.03741420000004593,1.248423586730496e-005
0.037414300000045933,1.248423586730496e-005
0.037414400000045936,1.248423586730496e-005
0.037414500000045939,1.248423586730496e-005
0.037414600000045942,1.248423586730496e-005
0.037414700000045945,1.248423586730496e-005
0.037414800000045947,1.2477130439947359e-005
0.03741490000004595,1.2498446722020162e-005
0.037415000000045953,1.2491341294662561e-005
0.037415100000045956,1.2491341294662561e-005
0.037415200000045959,1.2491341294662561e-005
0.037415300000045962,1.2491341294662561e-005
0.037415400000045965,1.2498446722020162e-005
0.037415500000045968,1.2491341294662561e-005
0.03741560000004597,1.2498446722020162e-005
0.037415700000045973,1.2491341294662561e-005
0.037415800000045976,1.2491341294662561e-005
0.037415900000045979,1.2498446722020162e-005
0.037416000000045982,1.2491341294662561e-005
0.037416100000045985,1.2491341294662561e-005
0.037416200000045988,1.2491341294662561e-005
0.037416300000045991,1.2491341294662561e-005
0.037416400000045993,1.2491341294662561e-005
0.037416500000045996,1.2491341294662561e-005
0.037416600000045999,1.2498446722020162e-005
0.037416700000046002,1.2498446722020162e-005
0.037416800000046005,1.2491341294662561e-005
0.037416900000046008,1.2491341294662561e-005
0.037417000000046011,1.2491341294662561e-005
0.037417100000046014,1.2491341294662561e-005
0.037417200000046016,1.2491341294662561e-005
0.037417300000046019,1.2491341294662561e-005
0.037417400000046022,1.2491341294662561e-005
0.037417500000046025,1.2491341294662561e-005
0.037417600000046028,1.248423586730496e-005
0.037417700000046031,1.248423586730496e-005
0.037417800000046034,1.2491341294662561e-005
0.037417900000046037,1.2491341294662561e-005
0.037418000000046039,1.2491341294662561e-005
0.037418100000046042,1.2491341294662561e-005
0.037418200000046045,1.2491341294662561e-005
0.037418300000046048,1.2491341294662561e-005
0.037418400000046051,1.2498446722020162e-005
0.037418500000046054,1.2491341294662561e-005
0.037418600000046057,1.2491341294662561e-005
0.03741870000004606,1.2491341294662561e-005
0.037418800000046062,1.2491341294662561e-005
0.037418900000046065,1.2491341294662561e-005
0.037419000000046068,1.2498446722020162e-005
0.037419100000046071,1.2491341294662561e-005
0.037419200000046074,1.2491341294662561e-005
0.037419300000046077,1.2491341294662561e-005
0.03741940000004608,1.2498446722020162e-005
0.037419500000046083,1.2505552149377763e-005
0.037419600000046085,1.2498446722020162e-005
0.037419700000046088,1.2491341294662561e-005
0.037419800000046091,1.2505552149377763e-005
0.037419900000046094,1.2498446722020162e-005
0.037420000000046097,1.2498446722020162e-005
0.0374201000000461,1.2498446722020162e-005
0.037420200000046103,1.2498446722020162e-005
0.037420300000046106,1.2498446722020162e-005
0.037420400000046108,1.2498446722020162e-005
0.037420500000046111,1.2505552149377763e-005
0.037420600000046114,1.2498446722020162e-005
0.037420700000046117,1.2498446722020162e-005
0.03742080000004612,1.2498446722020162e-005
0.037420900000046123,1.2498446722020162e-005
0.037421000000046126,1.2498446722020162e-005
0.037421100000046129,1.2498446722020162e-005
0.037421200000046131,1.2505552149377763e-005
0.037421300000046134,1.2498446722020162e-005
0.037421400000046137,1.2498446722020162e-005
0.03742150000004614,1.2498446722020162e-005
0.037421600000046143,1.2505552149377763e-005
0.037421700000046146,1.2498446722020162e-005
0.037421800000046149,1.2498446722020162e-005
0.037421900000046152,1.2498446722020162e-005
0.037422000000046154,1.2505552149377763e-005
0.037422100000046157,1.2498446722020162e-005
0.03742220000004616,1.2498446722020162e-005
0.037422300000046163,1.2498446722020162e-005
0.037422400000046166,1.2498446722020162e-005
0.037422500000046169,1.2505552149377763e-005
0.037422600000046172,1.2498446722020162e-005
0.037422700000046175,1.2498446722020162e-005
0.037422800000046177,1.2498446722020162e-005
0.03742290000004618,1.2498446722020162e-005
0.037423000000046183,1.2505552149377763e-005
0.037423100000046186,1.2498446722020162e-005
0.037423200000046189,1.2498446722020162e-005
0.037423300000046192,1.2498446722020162e-005
0.037423400000046195,1.2505552149377763e-005
0.037423500000046198,1.2498446722020162e-005
0.0374236000000462,1.2505552149377763e-005
0.037423700000046203,1.2498446722020162e-005
0.037423800000046206,1.2491341294662561e-005
0.037423900000046209,1.2498446722020162e-005
0.037424000000046212,1.2505552149377763e-005
0.037424100000046215,1.2512657576735364e-005
0.037424200000046218,1.2505552149377763e-005
0.037424300000046221,1.2512657576735364e-005
0.037424400000046223,1.2505552149377763e-005
0.037424500000046226,1.2505552149377763e-005
0.037424600000046229,1.2512657576735364e-005
0.037424700000046232,1.2505552149377763e-005
0.037424800000046235,1.2505552149377763e-005
0.037424900000046238,1.2498446722020162e-005
0.037425000000046241,1.2498446722020162e-005
0.037425100000046244,1.2505552149377763e-005
0.037425200000046246,1.2512657576735364e-005
0.037425300000046249,1.2505552149377763e-005
0.037425400000046252,1.2512657576735364e-005
0.037425500000046255,1.2505552149377763e-005
0.037425600000046258,1.2505552149377763e-005
0.037425700000046261,1.2505552149377763e-005
0.037425800000046264,1.2505552149377763e-005
0.037425900000046267,1.2512657576735364e-005
0.037426000000046269,1.2505552149377763e-005
0.037426100000046272,1.2512657576735364e-005
0.037426200000046275,1.2512657576735364e-005
0.037426300000046278,1.2512657576735364e-005
0.037426400000046281,1.2505552149377763e-005
0.037426500000046284,1.2505552149377763e-005
0.037426600000046287,1.2505552149377763e-005
0.03742670000004629,1.2505552149377763e-005
0.037426800000046292,1.2505552149377763e-005
0.037426900000046295,1.2498446722020162e-005
0.037427000000046298,1.2512657576735364e-005
0.037427100000046301,1.2505552149377763e-005
0.037427200000046304,1.2512657576735364e-005
0.037427300000046307,1.2505552149377763e-005
0.03742740000004631,1.2505552149377763e-005
0.037427500000046313,1.2505552149377763e-005
0.037427600000046315,1.2512657576735364e-005
0.037427700000046318,1.2505552149377763e-005
0.037427800000046321,1.2512657576735364e-005
0.037427900000046324,1.2505552149377763e-005
0.037428000000046327,1.2505552149377763e-005
0.03742810000004633,1.2505552149377763e-005
0.037428200000046333,1.2505552149377763e-005
0.037428300000046336,1.2512657576735364e-005
0.037428400000046338,1.2512657576735364e-005
0.037428500000046341,1.2505552149377763e-005
0.037428600000046344,1.2512657576735364e-005
0.037428700000046347,1.2512657576735364e-005
0.03742880000004635,1.2512657576735364e-005
0.037428900000046353,1.2512657576735364e-005
0.037429000000046356,1.2512657576735364e-005
0.037429100000046359,1.2512657576735364e-005
0.037429200000046361,1.2512657576735364e-005
0.037429300000046364,1.2512657576735364e-005
0.037429400000046367,1.2512657576735364e-005
0.03742950000004637,1.2512657576735364e-005
0.037429600000046373,1.2519763004092965e-005
0.037429700000046376,1.2512657576735364e-005
0.037429800000046379,1.2512657576735364e-005
0.037429900000046382,1.2512657576735364e-005
0.037430000000046385,1.2519763004092965e-005
0.037430100000046387,1.2512657576735364e-005
0.03743020000004639,1.2512657576735364e-005
0.037430300000046393,1.2512657576735364e-005
0.037430400000046396,1.2512657576735364e-005
0.037430500000046399,1.2505552149377763e-005
0.037430600000046402,1.2505552149377763e-005
0.037430700000046405,1.2512657576735364e-005
0.037430800000046408,1.2512657576735364e-005
0.03743090000004641,1.2519763004092965e-005
0.037431000000046413,1.2512657576735364e-005
0.037431100000046416,1.2512657576735364e-005
0.037431200000046419,1.2519763004092965e-005
0.037431300000046422,1.2519763004092965e-005
0.037431400000046425,1.2512657576735364e-005
0.037431500000046428,1.2512657576735364e-005
0.037431600000046431,1.2512657576735364e-005
0.037431700000046433,1.2512657576735364e-005
0.037431800000046436,1.2512657576735364e-005
0.037431900000046439,1.2519763004092965e-005
0.037432000000046442,1.2512657576735364e-005
0.037432100000046445,1.2519763004092965e-005
0.037432200000046448,1.2512657576735364e-005
0.037432300000046451,1.2519763004092965e-005
0.037432400000046454,1.2512657576735364e-005
0.037432500000046456,1.2519763004092965e-005
0.037432600000046459,1.2519763004092965e-005
0.037432700000046462,1.2519763004092965e-005
0.037432800000046465,1.2512657576735364e-005
0.037432900000046468,1.2519763004092965e-005
0.037433000000046471,1.2512657576735364e-005
0.037433100000046474,1.2512657576735364e-005
0.037433200000046477,1.2512657576735364e-005
0.037433300000046479,1.2512657576735364e-005
0.037433400000046482,1.2512657576735364e-005
0.037433500000046485,1.2519763004092965e-005
0.037433600000046488,1.2526868431450566e-005
0.037433700000046491,1.2526868431450566e-005
0.037433800000046494,1.2526868431450566e-005
0.037433900000046497,1.2519763004092965e-005
0.0374340000000465,1.2526868431450566e-005
0.037434100000046502,1.2519763004092965e-005
0.037434200000046505,1.2526868431450566e-005
0.037434300000046508,1.2519763004092965e-005
0.037434400000046511,1.2526868431450566e-005
0.037434500000046514,1.2519763004092965e-005
0.037434600000046517,1.2519763004092965e-005
0.03743470000004652,1.2526868431450566e-005
0.037434800000046523,1.2526868431450566e-005
0.037434900000046525,1.2526868431450566e-005
0.037435000000046528,1.2526868431450566e-005
0.037435100000046531,1.2526868431450566e-005
0.037435200000046534,1.2519763004092965e-005
0.037435300000046537,1.2519763004092965e-005
0.03743540000004654,1.2526868431450566e-005
0.037435500000046543,1.2526868431450566e-005
0.037435600000046546,1.2519763004092965e-005
0.037435700000046548,1.2526868431450566e-005
0.037435800000046551,1.2526868431450566e-005
0.037435900000046554,1.2526868431450566e-005
0.037436000000046557,1.2519763004092965e-005
0.03743610000004656,1.2526868431450566e-005
0.037436200000046563,1.2526868431450566e-005
0.037436300000046566,1.2519763004092965e-005
0.037436400000046569,1.2519763004092965e-005
0.037436500000046571,1.2526868431450566e-005
0.037436600000046574,1.2526868431450566e-005
0.037436700000046577,1.2519763004092965e-005
0.03743680000004658,1.2526868431450566e-005
0.037436900000046583,1.2526868431450566e-005
0.037437000000046586,1.2519763004092965e-005
0.037437100000046589,1.2526868431450566e-005
0.037437200000046592,1.2519763004092965e-005
0.037437300000046594,1.2526868431450566e-005
0.037437400000046597,1.2526868431450566e-005
0.0374375000000466,1.2519763004092965e-005
0.037437600000046603,1.2519763004092965e-005
0.037437700000046606,1.2519763004092965e-005
0.037437800000046609,1.2519763004092965e-005
0.037437900000046612,1.2519763004092965e-005
0.037438000000046615,1.2526868431450566e-005
0.037438100000046617,1.2526868431450566e-005
0.03743820000004662,1.2519763004092965e-005
0.037438300000046623,1.2526868431450566e-005
0.037438400000046626,1.2519763004092965e-005
0.037438500000046629,1.2533973858808167e-005
0.037438600000046632,1.2526868431450566e-005
0.037438700000046635,1.2533973858808167e-005
0.037438800000046638,1.2533973858808167e-005
0.03743890000004664,1.2526868431450566e-005
0.037439000000046643,1.2526868431450566e-005
0.037439100000046646,1.2533973858808167e-005
0.037439200000046649,1.2533973858808167e-005
0.037439300000046652,1.2526868431450566e-005
0.037439400000046655,1.2526868431450566e-005
0.037439500000046658,1.2533973858808167e-005
0.037439600000046661,1.2533973858808167e-005
0.037439700000046663,1.2533973858808167e-005
0.037439800000046666,1.2533973858808167e-005
0.037439900000046669,1.2533973858808167e-005
0.037440000000046672,1.2526868431450566e-005
0.037440100000046675,1.2935910405076356
0.037440200000046678,1.2939920708276986
0.037440300000046681,1.2943931153586163
0.037440400000046684,1.2947941598895341
0.037440500000046686,1.2951951902095971
0.037440600000046689,1.2955962347405148
0.037440700000046692,1.2959972508497231
0.037440800000046695,1.2963982953806408
0.037440900000046698,1.2967993399115585
0.037441000000046701,1.2972003702316215
0.037441100000046704,1.2976013863408298
0.037441200000046707,1.2980024450826022
0.037441300000046709,1.2984034754026652
0.037441400000046712,1.2988045057227282
0.037441500000046715,1.2992055502536459
0.037441600000046718,1.2996065805737089
0.037441700000046721,1.3000076251046266
0.037441800000046724,1.3004086554246896
0.037441900000046727,1.3008096999556074
0.03744200000004673,1.3012107302756704
0.037442100000046732,1.3016117748065881
0.037442200000046735,1.3020127909157964
0.037442300000046738,1.3024138354467141
0.037442400000046741,1.3028148657667771
0.037442500000046744,1.3032159102976948
0.037442600000046747,1.3036169406177578
0.03744270000004675,1.3040179851486755
0.037442800000046753,1.3044190154687385
0.037442900000046755,1.3048200599996562
0.037443000000046758,1.3052210903197192
0.037443100000046761,1.3056221206397822
0.037443200000046764,1.3060231651706999
0.037443300000046767,1.3064241812799082
0.03744340000004677,1.3068252258108259
0.037443500000046773,1.3072262561308889
0.037443600000046776,1.3076273006618067
0.037443700000046778,1.3080283451927244
0.037443800000046781,1.3084293755127874
0.037443900000046784,1.3088304058328504
0.037444000000046787,1.3092314503637681
0.03744410000004679,1.3096324806838311
0.037444200000046793,1.3100335252147488
0.037444300000046796,1.3104345555348118
0.037444400000046799,1.3108355858548748
0.037444500000046801,1.3112366161749378
0.037444600000046804,1.3116376607058555
0.037444700000046807,1.3120386910259185
0.03744480000004681,1.3124397355568362
0.037444900000046813,1.3128407658768992
0.037445000000046816,1.313241810407817
0.037445100000046819,1.3136428549387347
0.037445200000046822,1.3140438852587977
0.037445300000046824,1.3144449297897154
0.037445400000046827,1.3148459458989237
0.03744550000004683,1.3152469762189867
0.037445600000046833,1.315647992328195
0.037445700000046836,1.3160490368591127
0.037445800000046839,1.3164500813900304
0.037445900000046842,1.3168511117100934
0.037446000000046845,1.3172521562410111
0.037446100000046847,1.3176531865610741
0.03744620000004685,1.3180542310919918
0.037446300000046853,1.3184552472012001
0.037446400000046856,1.3188562917321178
0.037446500000046859,1.3192573220521808
0.037446600000046862,1.3196583523722438
0.037446700000046865,1.3200593969031615
0.037446800000046868,1.3204604414340793
0.03744690000004687,1.3208614717541423
0.037447000000046873,1.3212625020742053
0.037447100000046876,1.3216635323942683
0.037447200000046879,1.3220645627143313
0.037447300000046882,1.322465607245249
0.037447400000046885,1.322866637565312
0.037447500000046888,1.3232676820962297
0.037447600000046891,1.3236687124162927
0.037447700000046893,1.3240697569472104
0.037447800000046896,1.3244708014781281
0.037447900000046899,1.3248718317981911
0.037448000000046902,1.3252728479073994
0.037448100000046905,1.3256738924383171
0.037448200000046908,1.3260749227583801
