Time,Io,I3
0.040432600000132726,0.80198621787985758,1.2519763004092965e-005
0.040432700000132729,0.80201174768035344,1.2519763004092965e-005
0.040432800000132732,0.80203726326999458,1.2505552149377763e-005
0.040432900000132735,0.80206277175420837,1.2519763004092965e-005
0.040433000000132738,0.80208825892214008,1.2519763004092965e-005
0.040433100000132741,0.80211373187921708,1.2519763004092965e-005
0.040433200000132744,0.80213918352001201,1.2519763004092965e-005
0.040433300000132746,0.80216463516080694,1.2519763004092965e-005
0.040433400000132749,0.80219006548531979,1.2533973858808167e-005
0.040433500000132752,0.80221547449355057,1.2519763004092965e-005
0.040433600000132755,0.802240876396354,1.2519763004092965e-005
0.040433700000132758,0.80226626408830271,1.2519763004092965e-005
0.040433800000132761,0.8022916375693967,1.2519763004092965e-005
0.040433900000132764,0.80231698973420862,1.2519763004092965e-005
0.040434000000132767,0.80234233479359318,1.2519763004092965e-005
0.040434100000132769,0.80236766564212303,1.2519763004092965e-005
0.040434200000132772,0.80239296096351609,1.2505552149377763e-005
0.040434300000132775,0.80241826339033651,1.2519763004092965e-005
0.040434400000132778,0.80244354450087485,1.2505552149377763e-005
0.040434500000132781,0.80246881140055848,1.2505552149377763e-005
0.040434600000132784,0.80249407119481475,1.2519763004092965e-005
0.040434700000132787,0.80251930256736159,1.2519763004092965e-005
0.04043480000013279,0.80254452683448108,1.2519763004092965e-005
0.040434900000132792,0.80256973689074584,1.2505552149377763e-005
0.040435000000132795,0.8025949327361559,1.2519763004092965e-005
0.040435100000132798,0.80262011437071124,1.2519763004092965e-005
0.040435200000132801,0.80264528889983922,1.2519763004092965e-005
0.040435300000132804,0.80267042790183041,1.2519763004092965e-005
0.040435400000132807,0.80269557400924896,1.2533973858808167e-005
0.04043550000013281,0.80272069169495808,1.2519763004092965e-005
0.040435600000132813,0.80274578806438512,1.2519763004092965e-005
0.040435700000132815,0.80277088443381217,1.2519763004092965e-005
0.040435800000132818,0.8027959665923845,1.2519763004092965e-005
0.040435900000132821,0.8028210203292474,1.2519763004092965e-005
0.040436000000132824,0.8028460740661103,1.2519763004092965e-005
0.040436100000132827,0.80287111359211849,1.2519763004092965e-005
0.04043620000013283,0.80289612469641725,1.2519763004092965e-005
0.040436300000132833,0.802921135800716,1.2533973858808167e-005
0.040436400000132836,0.80294612558873268,1.2519763004092965e-005
0.040436500000132838,0.80297110116589465,1.2519763004092965e-005
0.040436600000132841,0.80299604832134719,1.2533973858808167e-005
0.040436700000132844,0.80302100968765444,1.2519763004092965e-005
0.040436800000132847,0.80304593552682491,1.2519763004092965e-005
0.04043690000013285,0.8030708400497133,1.2519763004092965e-005
0.040437000000132853,0.80309575167802905,1.2533973858808167e-005
0.040437100000132856,0.80312063488463536,1.2519763004092965e-005
0.040437200000132859,0.80314549677495961,1.2519763004092965e-005
0.040437300000132861,0.80317036577071121,1.2519763004092965e-005
0.040437400000132864,0.80319520634475339,1.2519763004092965e-005
0.040437500000132867,0.8032200398133682,1.2533973858808167e-005
0.04043760000013287,0.80324485196570095,1.2533973858808167e-005
0.040437700000132873,0.80326964990717897,1.2519763004092965e-005
0.040437800000132876,0.80329443363780229,1.2519763004092965e-005
0.040437900000132879,0.80331919605214352,1.2519763004092965e-005
0.040438000000132882,0.80334395136105741,1.2519763004092965e-005
0.040438100000132884,0.80336869245911657,1.2519763004092965e-005
0.040438200000132887,0.80339341934632102,1.2519763004092965e-005
0.04043830000013289,0.8034181249172434,1.2519763004092965e-005
0.040438400000132893,0.80344282338273842,1.2519763004092965e-005
0.040438500000132896,0.80346750053195137,1.2519763004092965e-005
0.040438600000132899,0.80349217768116432,1.2533973858808167e-005
0.040438700000132902,0.80351682640866784,1.2519763004092965e-005
0.040438800000132905,0.803541468030744,1.2533973858808167e-005
0.040438900000132907,0.80356608123111073,1.2519763004092965e-005
0.04043900000013291,0.8035906873260501,1.2533973858808167e-005
0.040439100000132913,0.80361528631556212,1.2519763004092965e-005
0.040439200000132916,0.80363986398879206,1.2519763004092965e-005
0.040439300000132919,0.80366442745116728,1.2519763004092965e-005
0.040439400000132922,0.80368896959726044,1.2533973858808167e-005
0.040439500000132925,0.80371351884878095,1.2519763004092965e-005
0.040439600000132928,0.80373802546773732,1.2533973858808167e-005
0.04043970000013293,0.8037625462975484,1.2533973858808167e-005
0.040439800000132933,0.80378703160022269,1.2519763004092965e-005
0.040439900000132936,0.80381149558661491,1.2533973858808167e-005
0.040440000000132939,0.80383597378386185,1.2533973858808167e-005
0.040440100000132942,0.80379577127587254,1.293344027430976
0.040440200000132945,0.80375559008416531,1.2937450719618937
0.040440300000132948,0.80371539468160336,1.2941461022819567
0.040440400000132951,0.80367520638446877,1.2945471326020197
0.040440500000132953,0.80363501098190682,1.2949481629220827
0.040440600000132956,0.80359483689562694,1.2953492074530004
0.040440700000132959,0.80355465570391971,1.2957502377730634
0.040440800000132962,0.80351448872306719,1.2961512823039811
0.040440900000132965,0.80347431463678731,1.2965523126240441
0.040441000000132968,0.80343413344508008,1.2969533571549619
0.040441100000132971,0.80339396646422756,1.2973543874750249
0.040441200000132974,0.80335379948337504,1.2977554177950879
0.040441300000132976,0.80331363250252252,1.2981564623260056
0.040441400000132979,0.80327346552167,1.2985574926460686
0.040441500000132982,0.8032333127516722,1.2989585371769863
0.040441600000132985,0.80319314577081968,1.2993595674970493
0.040441700000132988,0.80315298589539452,1.2997605978171123
0.040441800000132991,0.80311282601996936,1.30016164234803
0.040441900000132994,0.80307268035539892,1.300562672668093
0.040442000000132997,0.80303252047997375,1.300963702988156
0.040442100000132999,0.80299235349912124,1.3013647475190737
0.040442200000133002,0.80295221493997815,1.3017657778391367
0.040442300000133005,0.8029120692754077,1.3021668223700544
0.040442400000133008,0.80287192361083726,1.3025678526901174
0.040442500000133011,0.80283178505169417,1.3029688830101804
0.040442600000133014,0.80279163938712372,1.3033699275410981
0.040442700000133017,0.80275150082798064,1.3037709578611612
0.04044280000013302,0.80271136226883755,1.3041719881812242
0.040442900000133022,0.80267123081512182,1.3045730185012872
0.040443000000133025,0.80263109225597873,1.3049740630322049
0.040443100000133028,0.802590960802263,1.3053751075631226
0.040443200000133031,0.80255083645397463,1.3057761378831856
0.040443300000133034,0.80251069789483154,1.3061771824141033
0.040443400000133037,0.80247058065197052,1.3065782127341663
0.04044350000013304,0.80243045630368215,1.3069792430542293
0.040443600000133043,0.80239033195539378,1.3073802733742923
0.040443700000133045,0.80235022181796012,1.30778131790521
0.040443800000133048,0.8023101045750991,1.3081823340144183
0.040443900000133051,0.80226998733223809,1.3085833927561907
0.040444000000133054,0.80222987719480443,1.3089844230762537
0.040444100000133057,0.80218975284651606,1.3093854676071714
0.04044420000013306,0.80214965691993712,1.3097864979272344
0.040444300000133063,0.80210954678250346,1.3101875424581522
0.040444400000133066,0.80206944375049716,1.3105885727782152
0.040444500000133068,0.8020293336130635,1.3109896030982782
0.040444600000133071,0.8019892305810572,1.3113906476291959
0.040444700000133074,0.80194913465447826,1.3117916779492589
0.040444800000133077,0.80190904583332667,1.3121926940584672
0.04044490000013308,0.80186894280132037,1.3125937385893849
0.040445000000133083,0.80182884687474143,1.3129947689094479
0.040445100000133086,0.8017887651590172,1.3133957992295109
0.040445200000133089,0.80174866923243826,1.3137968437604286
0.040445300000133091,0.80170858751671403,1.3141978740804916
0.040445400000133094,0.80166849869556245,1.314598932822264
0.040445500000133097,0.80162842408526558,1.314999963142327
0.0404456000001331,0.80158833526411399,1.31540099346239
0.040445700000133103,0.80154825354838977,1.315802023782453
0.040445800000133106,0.8015081789380929,1.3162030683133707
0.040445900000133109,0.80146810432779603,1.3166040986334338
0.040446000000133112,0.80142803682292652,1.317005114742642
0.040446100000133114,0.801387969318057,1.3174061734844145
0.040446200000133117,0.80134789470776013,1.3178072038044775
0.04044630000013312,0.80130782009746326,1.3182082341245405
0.040446400000133123,0.80126775259259375,1.3186092786554582
0.040446500000133126,0.8012276921931516,1.3190103089755212
0.040446600000133129,0.80118762468828209,1.3194113392955842
0.040446700000133132,0.80114757849969465,1.3198123838265019
0.040446800000133135,0.80110751810025249,1.3202134141465649
0.040446900000133137,0.80106746480623769,1.3206144586774826
0.04044700000013314,0.8010274115122229,1.3210154889975456
0.040447100000133143,0.8009873582182081,1.3214165193176086
0.040447200000133146,0.8009473049241933,1.3218175638485263
0.040447300000133149,0.80090725873560586,1.3222185941685893
0.040447400000133152,0.80086721965244578,1.3226196244886523
0.040447500000133155,0.80082717346385834,1.3230206548087153
0.040447600000133158,0.80078713438069826,1.3234217135504878
0.04044770000013316,0.80074710240296554,1.3238227296596961
0.040447800000133163,0.80070706331980546,1.3242237599797591
0.040447900000133166,0.80066702423664537,1.3246248045106768
0.040448000000133169,0.80062699225891265,1.3250258348307398
0.040448100000133172,0.80058696028117993,1.3254268793616575
0.040448200000133175,0.8005469283034472,1.3258279096817205
0.040448300000133178,0.80050690343114184,1.3262289542126382
0.040448400000133181,0.80046687855883647,1.3266299703218465
0.040448500000133183,0.80042686079195846,1.3270310148527642
0.040448600000133186,0.80038683591965309,1.3274320451728272
0.040448700000133189,0.80034681815277509,1.3278330754928902
0.040448800000133192,0.80030680038589708,1.3282341200238079
0.040448900000133195,0.80026678261901907,1.3286351503438709
0.040449000000133198,0.80022677195756842,1.3290361948747886
0.040449100000133201,0.80018675419069041,1.3294372251948516
0.040449200000133204,0.80014675063466711,1.3298382555149146
0.040449300000133206,0.80010674707864382,1.3302393000458324
0.040449400000133209,0.80006674352262053,1.3306403303658954
0.040449500000133212,0.80002673996659723,1.3310413748968131
0.040449600000133215,0.79998672930514658,1.3314424052168761
0.040449700000133218,0.79994673285455065,1.3318434355369391
0.040449800000133221,0.79990674350938207,1.3322444800678568
0.040449900000133224,0.79986674705878613,1.3326454961770651
0.040450000000133227,0.7998267506081902,1.3330465407079828
0.040450100000133229,0.79978675415759426,1.3334475852389005
0.040450200000133232,0.79974677191785304,1.3338486155589635
0.040450300000133235,0.79970678257268446,1.3342496458790265
0.040450400000133238,0.79966680033294324,1.3346506761990895
0.040450500000133241,0.79962681809320202,1.3350517065191525
0.040450600000133244,0.79958682874803344,1.3354527510500702
0.040450700000133247,0.79954686071914693,1.3358537813701332
0.04045080000013325,0.79950688558483307,1.3362548259010509
0.040450900000133252,0.79946689623966449,1.3366558704319687
0.040451000000133255,0.79942692821077799,1.3370568865411769
0.040451100000133258,0.79938696728731884,1.3374579310720947
0.040451200000133261,0.79934699215300498,1.3378589613921577
0.040451300000133264,0.79930702412411847,1.3382600059230754
0.040451400000133267,0.79926706320065932,1.3386610504539931
0.04045150000013327,0.79922709517177282,1.3390620807740561
0.040451600000133273,0.79918714135374103,1.3394631110941191
0.040451700000133275,0.79914718043028188,1.3398641556250368
0.040451800000133278,0.79910722661225009,1.3402651717342451
0.040451900000133281,0.79906725858336358,1.3406662162651628
0.040452000000133284,0.79902731187075915,1.3410672323743711
0.040452100000133287,0.79898736515815472,1.3414682769052888
0.04045220000013329,0.79894741134012293,1.3418693072253518
0.040452300000133293,0.79890747173294585,1.3422703517562695
0.040452400000133296,0.79886751791491406,1.3426713820763325
0.040452500000133298,0.79882756409688227,1.3430724123963955
0.040452600000133301,0.79878763159513255,1.3434734427164585
0.040452700000133304,0.79874769198795548,1.3438744872473762
0.040452800000133307,0.79870775948620576,1.3442755175674392
0.04045290000013331,0.79866781987902868,1.344676562098357
0.040453000000133313,0.79862789448270632,1.34507759241842
0.040453100000133316,0.79858796908638396,1.345478622738483
0.040453200000133319,0.79854803658463425,1.345879653058546
0.040453300000133322,0.79850810408288453,1.346280683378609
0.040453400000133324,0.79846817868656217,1.3466817279095267
0.040453500000133327,0.79842825329023981,1.3470827724404444
0.04045360000013333,0.79838833499934481,1.3474837885496527
0.040453700000133333,0.79834842381387716,1.3478848330805704
0.040453800000133336,0.79830850552298216,1.3482858634006334
0.040453900000133339,0.79826857302123244,1.3486869079315511
0.040454000000133342,0.79822867604661951,1.3490879382516141
0.040454100000133345,0.79818876486115187,1.3494889685716771
0.040454200000133347,0.79814885367568422,1.3498899988917401
0.04045430000013335,0.79810894249021658,1.3502910434226578
0.040454400000133353,0.79806904551560365,1.3506920737427208
0.040454500000133356,0.79802914854099072,1.3510931040627838
0.040454600000133359,0.79798923735552307,1.3514941343828468
0.040454700000133362,0.79794932617005543,1.3518951789137645
0.040454800000133365,0.79790944340629721,1.3522962234446823
0.040454900000133368,0.79786954643168428,1.3526972395538905
0.04045500000013337,0.79782964945707135,1.3530982840848083
0.040455100000133373,0.79778976669331314,1.3534993144048713
0.040455200000133376,0.79774986971870021,1.3539003447249343
0.040455300000133379,0.79770999406036935,1.3543013750449973
0.040455400000133382,0.79767010419118378,1.3547024337867697
0.040455500000133385,0.79763022142742557,1.355103449895978
0.040455600000133388,0.79759033155824,1.3555044944268957
0.040455700000133391,0.7975504630053365,1.3559055247469587
0.040455800000133393,0.79751058024157828,1.3563065692778764
0.040455900000133396,0.79747069747782007,1.3567075995979394
0.040456000000133399,0.79743082181948921,1.3571086299180024
0.040456100000133402,0.79739096037201307,1.3575096460272107
0.040456200000133405,0.79735109181910957,1.3579106905581284
0.040456300000133408,0.79731121616077871,1.3583117350890461
0.040456400000133411,0.79727135471330257,1.3587127654091091
0.040456500000133414,0.79723149326582643,1.3591137957291721
0.040456600000133416,0.79719163892377765,1.3595148260492351
0.040456700000133419,0.79715177037087415,1.3599158705801528
0.040456800000133422,0.79711191602882536,1.3603169009002158
0.040456900000133425,0.79707206879220394,1.3607179312202788
0.040457000000133428,0.79703221445015515,1.3611189757511966
0.040457100000133431,0.79699236010810637,1.3615200202821143
0.040457200000133434,0.79695250576605758,1.3619210506021773
0.040457300000133437,0.79691265852943616,1.3623220667113856
0.040457400000133439,0.79687281129281473,1.3627231112423033
0.040457500000133442,0.79683297116162066,1.363124155773221
0.040457600000133445,0.79679312392499924,1.363525186093284
0.040457700000133448,0.79675329089923252,1.3639262022024923
0.040457800000133451,0.79671345076803846,1.36432724673341
0.040457900000133454,0.79667361774227174,1.364728277053473
0.040458000000133457,0.79663379182193239,1.3651293215843907
0.04045810000013346,0.79659395169073832,1.3655303519044537
0.040458200000133462,0.79655412577039897,1.3659313964353714
0.040458300000133465,0.79651429274463226,1.3663324125445797
0.040458400000133468,0.79647448103514762,1.3667334570754974
0.040458500000133471,0.79643465511480827,1.3671344873955604
0.040458600000133474,0.7963948149836142,1.3675355177156234
0.040458700000133477,0.79635500327412956,1.3679365622465411
0.04045880000013348,0.79631519156464492,1.3683375783557494
0.040458900000133483,0.79627537274973292,1.3687386228866671
0.040459000000133485,0.79623556104024829,1.3691396532067301
0.040459100000133488,0.796195756436191,1.3695406977376479
0.040459200000133491,0.79615594472670637,1.3699417280577109
0.040459300000133494,0.79611613301722173,1.3703427583777739
0.040459400000133497,0.79607632130773709,1.3707437886978369
0.0404595000001335,0.79603653091453452,1.3711448332287546
0.040459600000133503,0.79599672631047724,1.3715458635488176
0.040459700000133506,0.79595692881184732,1.3719469080797353
0.040459800000133508,0.79591712420779004,1.3723479241889436
0.040459900000133511,0.79587732670916012,1.3727489545090066
0.040460000000133514,0.79583753631595755,1.3731499848290696
0.040460100000133517,0.79586638435102941,1.2477130439947359e-005
0.04046020000013352,0.79589523238610127,1.2477130439947359e-005
0.040460300000133523,0.7959240519994637,1.2477130439947359e-005
0.040460400000133526,0.79595287871825349,1.2462919585232157e-005
0.040460500000133529,0.79598166990990649,1.2477130439947359e-005
0.040460600000133531,0.79601045399613213,1.2477130439947359e-005
0.040460700000133534,0.79603922387150305,1.2462919585232157e-005
0.040460800000133537,0.79606797243059191,1.2491341294662561e-005
0.04046090000013354,0.7960967138842534,1.2477130439947359e-005
0.040461000000133543,0.79612544112706018,1.2491341294662561e-005
0.040461100000133546,0.79615415415901225,1.2477130439947359e-005
0.040461200000133549,0.79618284587468224,1.2477130439947359e-005
0.040461300000133552,0.79621152337949752,1.2477130439947359e-005
0.040461400000133554,0.79624019377888544,1.2477130439947359e-005
0.040461500000133557,0.79626884286199129,1.2462919585232157e-005
0.04046160000013356,0.79629747773424242,1.2491341294662561e-005
0.040461700000133563,0.79632609839563884,1.2491341294662561e-005
0.040461800000133566,0.79635470484618054,1.2462919585232157e-005
0.040461900000133569,0.79638329708586753,1.2477130439947359e-005
0.040462000000133572,0.79641186800927244,1.2477130439947359e-005
0.040462100000133575,0.79644043182724999,1.2477130439947359e-005
0.040462200000133577,0.79646898853980019,1.2477130439947359e-005
0.04046230000013358,0.79649752393606832,1.2477130439947359e-005
0.040462400000133583,0.79652603091062701,1.2477130439947359e-005
0.040462500000133586,0.79655453788518571,1.2477130439947359e-005
0.040462600000133589,0.79658302354346233,1.2477130439947359e-005
0.040462700000133592,0.7966115020963116,1.2491341294662561e-005
0.040462800000133595,0.79663995933287879,1.2491341294662561e-005
0.040462900000133598,0.79666840946401862,1.2491341294662561e-005
0.0404630000001336,0.79669684538430374,1.2477130439947359e-005
0.040463100000133603,0.79672524577745207,1.2491341294662561e-005
0.040463200000133606,0.7967536461706004,1.2491341294662561e-005
0.040463300000133609,0.79678202524746666,1.2477130439947359e-005
0.040463400000133612,0.79681040432433292,1.2491341294662561e-005
0.040463500000133615,0.79683874787406239,1.2477130439947359e-005
0.040463600000133618,0.79686709852921922,1.2477130439947359e-005
0.040463700000133621,0.79689542076266662,1.2477130439947359e-005
0.040463800000133623,0.79692374299611402,1.2491341294662561e-005
0.040463900000133626,0.79695202970242462,1.2491341294662561e-005
0.040464000000133629,0.79698031640873523,1.2477130439947359e-005
0.040464100000133632,0.79700858890419113,1.2491341294662561e-005
0.040464200000133635,0.79703684008336495,1.2491341294662561e-005
0.040464300000133638,0.7970650699462567,1.2491341294662561e-005
0.040464400000133641,0.79709330691457581,1.2491341294662561e-005
0.040464500000133644,0.79712150835575812,1.2491341294662561e-005
0.040464600000133646,0.79714970269151308,1.2491341294662561e-005
0.040464700000133649,0.79717787571098597,1.2491341294662561e-005
0.040464800000133652,0.79720604873045886,1.2477130439947359e-005
0.040464900000133655,0.79723420753907703,1.2491341294662561e-005
0.040465000000133658,0.79726233082055842,1.2491341294662561e-005
0.040465100000133661,0.79729044699661245,1.2491341294662561e-005
0.040465200000133664,0.79731856317266647,1.2491341294662561e-005
0.040465300000133667,0.79734664382158371,1.2491341294662561e-005
0.040465400000133669,0.79737471736507359,1.2491341294662561e-005
0.040465500000133672,0.79740278380313612,1.2477130439947359e-005
0.040465600000133675,0.79743082892491657,1.2491341294662561e-005
0.040465700000133678,0.7974588598358423,1.2477130439947359e-005
0.040465800000133681,0.79748688364134068,1.2477130439947359e-005
0.040465900000133684,0.79751488613055699,1.2491341294662561e-005
0.040466000000133687,0.79754287440891858,1.2491341294662561e-005
0.04046610000013369,0.79757084847642545,1.2491341294662561e-005
0.040466200000133692,0.79759880122765026,1.2491341294662561e-005
0.040466300000133695,0.79762675397887506,1.2491341294662561e-005
0.040466400000133698,0.79765467830839043,1.2491341294662561e-005
0.040466500000133701,0.79768258132162373,1.2491341294662561e-005
0.040466600000133704,0.79771048433485703,1.2477130439947359e-005
0.040466700000133707,0.7977383589263809,1.2477130439947359e-005
0.04046680000013371,0.79776624062333212,1.2477130439947359e-005
0.040466900000133713,0.79779409389857392,1.2491341294662561e-005
0.040467000000133715,0.797821932962961,1.2491341294662561e-005
0.040467100000133718,0.79784975781649337,1.2491341294662561e-005
0.040467200000133721,0.79787756845917102,1.2477130439947359e-005
0.040467300000133724,0.79790535778556659,1.2491341294662561e-005
0.040467400000133727,0.79793315421738953,1.2491341294662561e-005
0.04046750000013373,0.79796091512207568,1.2491341294662561e-005
0.040467600000133733,0.79798866892133447,1.2491341294662561e-005
0.040467700000133736,0.79801640140431118,1.2491341294662561e-005
0.040467800000133738,0.79804411967643318,1.2477130439947359e-005
0.040467900000133741,0.79807183794855518,1.2491341294662561e-005
0.040468000000133744,0.79809953490439511,1.2491341294662561e-005
0.040468100000133747,0.79812720343852561,1.2491341294662561e-005
0.04046820000013375,0.79815487197265611,1.2491341294662561e-005
0.040468300000133753,0.79818252629593189,1.2491341294662561e-005
0.040468400000133756,0.79821015219749825,1.2491341294662561e-005
0.040468500000133759,0.7982377780990646,1.2491341294662561e-005
0.040468600000133761,0.79826537557892152,1.2491341294662561e-005
0.040468700000133764,0.79829297305877844,1.2491341294662561e-005
0.040468800000133767,0.79832054922235329,1.2477130439947359e-005
0.04046890000013377,0.79834810406964607,1.2505552149377763e-005
0.040469000000133773,0.79837565181151149,1.2491341294662561e-005
0.040469100000133776,0.79840318534252219,1.2491341294662561e-005
0.040469200000133779,0.79843070466267818,1.2491341294662561e-005
0.040469300000133782,0.79845820977197945,1.2505552149377763e-005
0.040469400000133784,0.7984856864595713,1.2491341294662561e-005
0.040469500000133787,0.79851316314716314,1.2491341294662561e-005
0.04046960000013379,0.79854061851847291,1.2491341294662561e-005
0.040469700000133793,0.79856807388978268,1.2491341294662561e-005
0.040469800000133796,0.79859548662852831,1.2505552149377763e-005
0.040469900000133799,0.79862290647270129,1.2491341294662561e-005
0.040470000000133802,0.79865029789516484,1.2491341294662561e-005
0.040470100000133805,0.79867768221220103,1.2491341294662561e-005
0.040470200000133807,0.79870505942380987,1.2491341294662561e-005
0.04047030000013381,0.79873240821370928,1.2491341294662561e-005
0.040470400000133813,0.79875974279275397,1.2491341294662561e-005
0.040470500000133816,0.79878707737179866,1.2505552149377763e-005
0.040470600000133819,0.79881438352913392,1.2491341294662561e-005
0.040470700000133822,0.79884168258104182,1.2491341294662561e-005
0.040470800000133825,0.79886896742209501,1.2491341294662561e-005
0.040470900000133828,0.79889623094686613,1.2491341294662561e-005
0.04047100000013383,0.79892348736620988,1.2491341294662561e-005
0.040471100000133833,0.79895072246927157,1.2491341294662561e-005
0.040471200000133836,0.79897793625605118,1.2491341294662561e-005
0.040471300000133839,0.79900515004283079,1.2491341294662561e-005
0.040471400000133842,0.79903233540790097,1.2491341294662561e-005
0.040471500000133845,0.7990595136675438,1.2491341294662561e-005
0.040471600000133848,0.79908667771633191,1.2491341294662561e-005
0.040471700000133851,0.7991138275542653,1.2491341294662561e-005
0.040471800000133853,0.79914097028677133,1.2491341294662561e-005
0.040471900000133856,0.79916808459756794,1.2491341294662561e-005
0.040472000000133859,0.79919518469750983,1.2505552149377763e-005
0.040472100000133862,0.79922227058659701,1.2505552149377763e-005
0.040472200000133865,0.79924935647568418,1.2505552149377763e-005
0.040472300000133868,0.79927642104848928,1.2505552149377763e-005
0.040472400000133871,0.79930345719958495,1.2491341294662561e-005
0.040472500000133874,0.79933049335068063,1.2505552149377763e-005
0.040472600000133876,0.79935750818549423,1.2505552149377763e-005
0.040472700000133879,0.79938451591488047,1.2491341294662561e-005
0.040472800000133882,0.79941149522255728,1.2505552149377763e-005
0.040472900000133885,0.79943846742480673,1.2505552149377763e-005
0.040473000000133888,0.79946542541620147,1.2505552149377763e-005
0.040473100000133891,0.79949237630216885,1.2505552149377763e-005
0.040473200000133894,0.79951929166099944,1.2491341294662561e-005
0.040473300000133897,0.79954622123068475,1.2519763004092965e-005
0.040473400000133899,0.79957310106237856,1.2491341294662561e-005
0.040473500000133902,0.79959998799949972,1.2491341294662561e-005
0.040473600000133905,0.79962686072576616,1.2505552149377763e-005
0.040473700000133908,0.79965371213575054,1.2505552149377763e-005
0.040473800000133911,0.79968055644030756,1.2491341294662561e-005
0.040473900000133914,0.79970737232315514,1.2505552149377763e-005
0.040474000000133917,0.79973418820600273,1.2491341294662561e-005
0.04047410000013392,0.79976098277256824,1.2505552149377763e-005
0.040474200000133922,0.79978776312827904,1.2491341294662561e-005
0.040474300000133925,0.79981452216770776,1.2505552149377763e-005
0.040474400000133928,0.79984128120713649,1.2491341294662561e-005
0.040474500000133931,0.79986801893028314,1.2505552149377763e-005
0.040474600000133934,0.79989474244257508,1.2491341294662561e-005
0.040474700000133937,0.79992144463858494,1.2505552149377763e-005
0.04047480000013394,0.79994813972916745,1.2505552149377763e-005
0.040474900000133943,0.79997482060889524,1.2519763004092965e-005
0.040475000000133945,0.80000148017234096,1.2505552149377763e-005
0.040475100000133948,0.80002813263035932,1.2505552149377763e-005
0.040475200000133951,0.80005476377209561,1.2505552149377763e-005
0.040475300000133954,0.80008138070297719,1.2505552149377763e-005
0.040475400000133957,0.8001079905284314,1.2505552149377763e-005
0.04047550000013396,0.8001345861430309,1.2505552149377763e-005
0.040475600000133963,0.80016115333592097,1.2519763004092965e-005
0.040475700000133966,0.80018772052881104,1.2505552149377763e-005
0.040475800000133969,0.80021425929999168,1.2491341294662561e-005
0.040475900000133971,0.80024079807117232,1.2505552149377763e-005
0.040476000000133974,0.80026731552607089,1.2505552149377763e-005
0.040476100000133977,0.80029381166468738,1.2505552149377763e-005
0.04047620000013398,0.80032030069787652,1.2505552149377763e-005
0.040476300000133983,0.80034676130935622,1.2491341294662561e-005
0.040476400000133986,0.80037322902626329,1.2505552149377763e-005
0.040476500000133989,0.80039966832146092,1.2519763004092965e-005
0.040476600000133992,0.80042610761665856,1.2519763004092965e-005
0.040476700000133994,0.8004525113847194,1.2505552149377763e-005
0.040476800000133997,0.80047890804735289,1.2519763004092965e-005
0.040476900000134,0.80050529049913166,1.2505552149377763e-005
0.040477000000134003,0.80053165874005572,1.2519763004092965e-005
0.040477100000134006,0.80055801987555242,1.2505552149377763e-005
0.040477200000134009,0.80058435258933969,1.2505552149377763e-005
0.040477300000134012,0.8006106781976996,1.2505552149377763e-005
0.040477400000134015,0.80063699670063215,1.2505552149377763e-005
0.040477500000134017,0.80066329388728263,1.2491341294662561e-005
0.04047760000013402,0.80068956975765104,1.2519763004092965e-005
0.040477700000134023,0.80071583141716474,1.2519763004092965e-005
0.040477800000134026,0.80074209307667843,1.2519763004092965e-005
0.040477900000134029,0.80076832631448269,1.2519763004092965e-005
0.040478000000134032,0.80079453823600488,1.2505552149377763e-005
0.040478100000134035,0.80082075015752707,1.2505552149377763e-005
0.040478200000134038,0.80084694786819455,1.2505552149377763e-005
0.04047830000013404,0.80087313136800731,1.2505552149377763e-005
0.040478400000134043,0.80089929355153799,1.2519763004092965e-005
0.040478500000134046,0.80092544152421397,1.2505552149377763e-005
0.040478600000134049,0.80095157528603522,1.2505552149377763e-005
0.040478700000134052,0.80097769483700176,1.2491341294662561e-005
0.040478800000134055,0.80100380017711359,1.2519763004092965e-005
0.040478900000134058,0.80102988420094334,1.2505552149377763e-005
0.040479000000134061,0.8010559682247731,1.2505552149377763e-005
0.040479100000134063,0.80108203093232078,1.2505552149377763e-005
0.040479200000134066,0.80110807232358638,1.2505552149377763e-005
0.040479300000134069,0.80113411371485199,1.2519763004092965e-005
0.040479400000134072,0.80116011957898081,1.2519763004092965e-005
0.040479500000134075,0.80118613254853699,1.2519763004092965e-005
0.040479600000134078,0.80121211709638374,1.2505552149377763e-005
0.040479700000134081,0.80123808743337577,1.2505552149377763e-005
0.040479800000134084,0.80126404355951308,1.2505552149377763e-005
0.040479900000134086,0.80128998547479569,1.2505552149377763e-005
0.040480000000134089,0.80131591317922357,1.2505552149377763e-005
0.040480100000134092,0.80134181956736938,1.2519763004092965e-005
0.040480200000134095,0.8013677259555152,1.2505552149377763e-005
0.040480300000134098,0.8013936181328063,1.2505552149377763e-005
0.040480400000134101,0.80141948188838796,1.2505552149377763e-005
0.040480500000134104,0.80144533143311492,1.2505552149377763e-005
0.040480600000134107,0.80147116676698715,1.2519763004092965e-005
0.040480700000134109,0.80149700210085939,1.2519763004092965e-005
0.040480800000134112,0.8015228090130222,1.2519763004092965e-005
0.040480900000134115,0.80154860171433029,1.2505552149377763e-005
0.040481000000134118,0.80157438731021102,1.2505552149377763e-005
0.040481100000134121,0.80160015158980968,1.2505552149377763e-005
0.040481200000134124,0.80162590876398099,1.2505552149377763e-005
0.040481300000134127,0.80165164462187022,1.2519763004092965e-005
0.04048140000013413,0.80167738047975945,1.2505552149377763e-005
0.040481500000134132,0.80170307370508453,1.2505552149377763e-005
0.040481600000134135,0.80172876693040962,1.2505552149377763e-005
0.040481700000134138,0.80175444594487999,1.2519763004092965e-005
0.040481800000134141,0.80178011074849564,1.2519763004092965e-005
0.040481900000134144,0.80180576844668394,1.2519763004092965e-005
0.040482000000134147,0.80183139772316281,1.2505552149377763e-005
0.04048210000013415,0.80185701278878696,1.2519763004092965e-005
0.040482200000134153,0.80188262785441111,1.2519763004092965e-005
0.040482300000134155,0.80190821449832583,1.2519763004092965e-005
0.040482400000134158,0.8019337940368132,1.2519763004092965e-005
0.040482500000134161,0.80195935936444585,1.2519763004092965e-005
0.040482600000134164,0.80198490337579642,1.2519763004092965e-005
0.040482700000134167,0.80201043317629228,1.2505552149377763e-005
0.04048280000013417,0.80203594876593343,1.2505552149377763e-005
0.040482900000134173,0.80206145725014721,1.2519763004092965e-005
0.040483000000134176,0.80208693731265157,1.2505552149377763e-005
0.040483100000134178,0.80211241026972857,1.2519763004092965e-005
0.040483200000134181,0.80213786901595086,1.2505552149377763e-005
0.040483300000134184,0.80216332065674578,1.2533973858808167e-005
0.040483400000134187,0.80218875098125864,1.2519763004092965e-005
0.04048350000013419,0.80221415998948942,1.2505552149377763e-005
0.040483600000134193,0.8022395689977202,1.2519763004092965e-005
0.040483700000134196,0.80226494247881419,1.2505552149377763e-005
0.040483800000134199,0.80229031595990818,1.2519763004092965e-005
0.040483900000134201,0.80231568233557482,1.2519763004092965e-005
0.040484000000134204,0.80234102739495938,1.2519763004092965e-005
0.040484100000134207,0.80236634403263452,1.2519763004092965e-005
0.04048420000013421,0.80239164645945493,1.2505552149377763e-005
0.040484300000134213,0.80241694888627535,1.2505552149377763e-005
0.040484400000134216,0.80244222999681369,1.2505552149377763e-005
0.040484500000134219,0.80246750400192468,1.2505552149377763e-005
0.040484600000134222,0.80249275669075359,1.2519763004092965e-005
0.040484700000134224,0.80251799516872779,1.2533973858808167e-005
0.040484800000134227,0.80254321233041992,1.2519763004092965e-005
0.04048490000013423,0.80256842238668469,1.2505552149377763e-005
0.040485000000134233,0.80259361823209474,1.2519763004092965e-005
0.040485100000134236,0.80261879986665008,1.2519763004092965e-005
0.040485200000134239,0.8026439672903507,1.2519763004092965e-005
0.040485300000134242,0.80266912050319661,1.2519763004092965e-005
0.040485400000134245,0.8026942595051878,1.2519763004092965e-005
0.040485500000134247,0.80271937008546956,1.2519763004092965e-005
0.04048560000013425,0.80274448066575133,1.2519763004092965e-005
0.040485700000134253,0.80276956992975101,1.2505552149377763e-005
0.040485800000134256,0.80279464498289599,1.2519763004092965e-005
0.040485900000134259,0.8028197129306136,1.2519763004092965e-005
0.040486000000134262,0.80284476666747651,1.2519763004092965e-005
0.040486100000134265,0.80286979908805733,1.2533973858808167e-005
0.040486200000134268,0.80289481019235609,1.2533973858808167e-005
0.04048630000013427,0.80291982129665485,1.2533973858808167e-005
0.040486400000134273,0.80294481108467153,1.2519763004092965e-005
0.040486500000134276,0.80296977245097878,1.2519763004092965e-005
0.040486600000134279,0.80299474802814075,1.2519763004092965e-005
0.040486700000134282,0.80301968097273857,1.2519763004092965e-005
0.040486800000134285,0.80304462102276375,1.2533973858808167e-005
0.040486900000134288,0.8030695326510795,1.2519763004092965e-005
0.040487000000134291,0.80309444427939525,1.2533973858808167e-005
0.040487100000134293,0.80311932038057421,1.2519763004092965e-005
0.040487200000134296,0.80314420358718053,1.2533973858808167e-005
0.040487300000134299,0.80316905126665006,1.2533973858808167e-005
0.040487400000134302,0.80319388473526487,1.2519763004092965e-005
0.040487500000134305,0.8032187324147344,1.2533973858808167e-005
0.040487600000134308,0.80324353746163979,1.2519763004092965e-005
0.040487700000134311,0.80326833540311782,1.2533973858808167e-005
0.040487800000134314,0.80329311913374113,1.2519763004092965e-005
0.040487900000134316,0.80331788154808237,1.2519763004092965e-005
0.040488000000134319,0.80334264396242361,1.2519763004092965e-005
0.040488100000134322,0.80336737084962806,1.2519763004092965e-005
0.040488200000134325,0.80339210484225987,1.2533973858808167e-005
0.040488300000134328,0.80341681041318225,1.2519763004092965e-005
0.040488400000134331,0.80344151598410463,1.2519763004092965e-005
0.040488500000134334,0.80346619313331757,1.2519763004092965e-005
0.040488600000134337,0.80349085607167581,1.2519763004092965e-005
0.040488700000134339,0.80351551190460668,1.2533973858808167e-005
0.040488800000134342,0.80354015352668284,1.2533973858808167e-005
0.040488900000134345,0.80356477383247693,1.2519763004092965e-005
0.040489000000134348,0.80358937282198895,1.2519763004092965e-005
0.040489100000134351,0.80361397891692832,1.2519763004092965e-005
0.040489200000134354,0.80363854237930354,1.2519763004092965e-005
0.040489300000134357,0.80366312005253349,1.2519763004092965e-005
0.04048940000013436,0.80368766219862664,1.2533973858808167e-005
0.040489500000134362,0.80371220434471979,1.2519763004092965e-005
0.040489600000134365,0.80373671806910352,1.2533973858808167e-005
0.040489700000134368,0.80376122468805988,1.2533973858808167e-005
0.040489800000134371,0.80378571709616153,1.2533973858808167e-005
0.040489900000134374,0.80381020239883583,1.2519763004092965e-005
0.040490000000134377,0.80383465217437333,1.2533973858808167e-005
0.04049010000013438,0.80379445677181138,1.2933425210803762
0.040490200000134383,0.80375426136924943,1.2937435656112939
0.040490300000134385,0.80371408728296956,1.2941446101422116
0.040490400000134388,0.80367389898583497,1.2945456404622746
0.040490500000134391,0.80363370358327302,1.2949466707823376
0.040490600000134394,0.80359352239156578,1.2953477011024006
0.040490700000134397,0.80355334830528591,1.2957487456333183
0.0404908000001344,0.80351317421900603,1.2961497759533813
0.040490900000134403,0.8034729930272988,1.296550820484299
0.040491000000134406,0.80343281894101892,1.296951850804362
0.040491100000134408,0.8033926519601664,1.2973528953352798
0.040491200000134411,0.80335248497931389,1.2977539398661975
0.040491300000134414,0.80331231799846137,1.2981549559754058
0.040491400000134417,0.80327215101760885,1.2985560005063235
0.04049150000013442,0.80323198403675633,1.2989570308263865
0.040491600000134423,0.80319183837218588,1.2993580611464495
0.040491700000134426,0.80315167139133337,1.2997590914665125
0.040491800000134429,0.80311151862133556,1.3001601359974302
0.040491900000134431,0.8030713587459104,1.3005611805283479
0.040492000000134434,0.80303119887048524,1.3009622108484109
0.040492100000134437,0.8029910532059148,1.3013632411684739
0.04049220000013444,0.80295090043591699,1.3017642714885369
0.040492300000134443,0.80291074766591919,1.3021653160194546
0.040492400000134446,0.8028706091067761,1.3025663463395176
0.040492500000134449,0.80283046344220566,1.3029674050812901
0.040492600000134452,0.80279031777763521,1.3033684211904983
0.040492700000134454,0.80275019342934684,1.3037694657214161
0.040492800000134457,0.80271004776477639,1.3041704960414791
0.04049290000013446,0.80266992341648802,1.3045715263615421
0.040493000000134463,0.80262978485734493,1.3049725708924598
0.040493100000134466,0.80258964629820184,1.3053736154233775
0.040493200000134469,0.80254952194991347,1.3057746457434405
0.040493300000134472,0.8025093976016251,1.3061756760635035
0.040493400000134475,0.80246926614790937,1.3065767063835665
0.040493500000134477,0.80242914179962099,1.3069777509144842
0.04049360000013448,0.80238902455675998,1.3073787812345472
0.040493700000134483,0.8023489002084716,1.3077798115546102
0.040493800000134486,0.80230878296561059,1.3081808560855279
0.040493900000134489,0.80226867993360429,1.3085819006164456
0.040494000000134492,0.80222856269074327,1.3089829167256539
0.040494100000134495,0.80218845255330962,1.3093839612565716
0.040494200000134498,0.80214834241587596,1.3097850057874894
0.0404943000001345,0.8021082322784423,1.3101860361075524
0.040494400000134503,0.80206813635186336,1.3105870806384701
0.040494500000134506,0.8020280262144297,1.3109880967476784
0.040494600000134509,0.8019879231824234,1.3113891412785961
0.040494700000134512,0.80194782725584446,1.3117901858095138
0.040494800000134515,0.80190773132926552,1.3121912161295768
0.040494900000134518,0.80186763540268657,1.3125922322387851
0.040495000000134521,0.80182754658153499,1.3129932909805575
0.040495100000134523,0.80178745065495605,1.3133943070897658
0.040495200000134526,0.80174736183380446,1.3137953516206835
0.040495300000134529,0.80170726590722552,1.3141963961516012
0.040495400000134532,0.80166719129692865,1.3145974264716642
0.040495500000134535,0.80162710247577706,1.3149984567917272
0.040495600000134538,0.80158702076005284,1.3153995013226449
0.040495700000134541,0.80154694614975597,1.3158005316427079
0.040495800000134544,0.80150686443403174,1.3162015761736257
0.040495900000134546,0.80146678982373487,1.3166026207045434
0.040496000000134549,0.80142672231886536,1.3170036368137517
0.040496100000134552,0.80138665481399585,1.3174046671338147
0.040496200000134555,0.80134658730912633,1.3178057116647324
0.040496300000134558,0.80130650559340211,1.3182067277739407
0.040496400000134561,0.80126644519395995,1.3186077865157131
0.040496500000134564,0.8012263847945178,1.3190088026249214
0.040496600000134567,0.80118631728964829,1.3194098471558391
0.040496700000134569,0.80114626399563349,1.3198108774759021
0.040496800000134572,0.80110620359619134,1.3202119220068198
0.040496900000134575,0.8010661574076039,1.3206129665377375
0.040497000000134578,0.80102609700816174,1.3210139826469458
0.040497100000134581,0.8009860508195743,1.3214150129670088
0.040497200000134584,0.80094600463098686,1.3218160574979265
0.040497300000134587,0.80090595844239942,1.3222170878179895
0.04049740000013459,0.80086591225381198,1.3226181323489072
0.040497500000134593,0.80082586606522455,1.3230191626689702
0.040497600000134595,0.80078581987663711,1.323420207199888
0.040497700000134598,0.80074578079347702,1.323821237519951
0.040497800000134601,0.80070575592117166,1.324222267840014
0.040497900000134604,0.80066571683801158,1.3246233123709317
0.040498000000134607,0.80062568486027885,1.3250243426909947
0.04049810000013461,0.80058565288254613,1.3254253730110577
0.040498200000134613,0.80054561379938605,1.3258264175419754
0.040498300000134616,0.80050559603250804,1.3262274620728931
0.040498400000134618,0.80046556405477531,1.3266284781821014
0.040498500000134621,0.8004255462878973,1.3270295085021644
0.040498600000134624,0.8003855285210193,1.3274305530330821
0.040498700000134627,0.80034551785956864,1.3278315975639998
0.04049880000013463,0.80030549298726328,1.3282326136732081
0.040498900000134633,0.80026548943123998,1.3286336724149805
0.040499000000134636,0.80022546455893462,1.3290347027350435
0.040499100000134639,0.80018544679205661,1.3294357330551065
0.040499200000134641,0.80014544323603332,1.3298367633751695
0.040499300000134644,0.80010543257458266,1.3302377936952325
0.040499400000134647,0.80006543612398673,1.3306388382261503
0.04049950000013465,0.80002541835710872,1.3310398685462133
0.040499600000134653,0.79998542190651278,1.331440913077131
0.040499700000134656,0.79994542545591685,1.331841943397194
0.040499800000134659,0.79990543611074827,1.3322429879281117
0.040499900000134662,0.79986543966015233,1.33264400403732
0.040500000000134664,0.79982545031498375,1.333045034357383
0.040500100000134667,0.79978545386438782,1.3334460788883007
0.04050020000013467,0.7997454716246466,1.3338471092083637
0.040500300000134673,0.79970547517405066,1.3342481537392814
0.040500400000134676,0.79966549293430944,1.3346491840593444
0.040500500000134679,0.79962550358914086,1.3350502143794074
0.040500600000134682,0.799585528454827,1.3354512589103251
0.040500700000134685,0.79954555332051314,1.3358522892303881
0.040500800000134687,0.79950557108077192,1.3362533195504511
0.04050090000013469,0.79946558884103069,1.3366543640813688
0.040501000000134693,0.79942562791757155,1.3370554086122866
0.040501100000134696,0.79938565278325768,1.3374564247214948
0.040501200000134699,0.79934568475437118,1.3378574692524126
0.040501300000134702,0.79930571672548467,1.3382585137833303
0.040501400000134705,0.79926574869659817,1.3386595441033933
0.040501500000134708,0.79922578777313902,1.3390605744234563
0.04050160000013471,0.79918584106053459,1.3394616047435193
0.040501700000134713,0.79914587303164808,1.339862649274437
0.040501800000134716,0.79910591921361629,1.3402636795945
0.040501900000134719,0.79906595829015714,1.340664709914563
0.040502000000134722,0.79902600447212535,1.341065740234626
0.040502100000134725,0.79898605065409356,1.3414667847655437
0.040502200000134728,0.79894611104691649,1.341867800874752
0.040502300000134731,0.79890615722888469,1.3422688454056697
0.040502400000134733,0.79886621762170762,1.3426698757257327
0.040502500000134736,0.79882627090910319,1.3430709202566504
0.040502600000134739,0.79878632419649875,1.3434719505767134
0.040502700000134742,0.79874639880017639,1.3438729951076311
0.040502800000134745,0.79870646629842668,1.3442740254276941
0.040502900000134748,0.79866651958582224,1.3446750557477571
0.040503000000134751,0.79862658708407253,1.3450761002786749
0.040503100000134754,0.79858664747689545,1.3454771448095926
0.040503200000134756,0.79854672918600045,1.3458781609188009
0.040503300000134759,0.79850679668425073,1.3462791912388639
0.040503400000134762,0.79846687128792837,1.3466802357697816
0.040503500000134765,0.79842695299703337,1.3470812660898446
0.040503600000134768,0.79838703470613837,1.3474822964099076
0.040503700000134771,0.79834710930981601,1.3478833409408253
0.040503800000134774,0.798307191018921,1.3482843712608883
0.040503900000134777,0.79826727983345336,1.3486854015809513
0.040504000000134779,0.79822736864798571,1.349086446111869
0.040504100000134782,0.79818745746251807,1.349487476431932
0.040504200000134785,0.79814755338247778,1.349888506751995
0.040504300000134788,0.79810764219701014,1.350289537072058
0.040504400000134791,0.79806773811696985,1.3506905816029757
0.040504500000134794,0.79802784114235692,1.3510916119230387
0.040504600000134797,0.79798793706231663,1.3514926422431017
0.0405047000001348,0.79794802587684899,1.3518936725631647
0.040504800000134802,0.79790812890223606,1.3522947170940824
0.040504900000134805,0.79786823903305049,1.3526957474141454
0.040505000000134808,0.79782834916386491,1.3530967777342084
0.040505100000134811,0.79778845929467934,1.3534978222651262
0.040505200000134814,0.79774856232006641,1.3538988525851892
0.040505300000134817,0.7977086795563082,1.3542998971161069
0.04050540000013482,0.79766879679254998,1.3547009274361699
0.040505500000134823,0.79762891402879177,1.3551019577562329
0.040505600000134825,0.79758903126503355,1.3555029880762959
0.040505700000134828,0.7975491556067027,1.3559040326072136
0.040505800000134831,0.79750927994837184,1.3563050487164219
0.040505900000134834,0.79746940429004098,1.3567060932473396
0.040506000000134837,0.79742952863171013,1.3571071235674026
0.04050610000013484,0.79738964586795191,1.3575081680983203
0.040506200000134843,0.79734979152590313,1.3579091984183833
0.040506300000134846,0.79730990876214491,1.3583102287384463
0.040506400000134848,0.79727004731466877,1.358711273269364
0.040506500000134851,0.79723018586719263,1.359112303589427
0.040506600000134854,0.7971903386305712,1.35951333390949
0.040506700000134857,0.79715047007766771,1.3599143784404077
0.04050680000013486,0.79711060863019156,1.3603154087604707
0.040506900000134863,0.79707076139357014,1.3607164390805337
0.040507000000134866,0.79703090705152135,1.3611174694005967
0.040507100000134869,0.79699105981489993,1.3615185139315145
0.040507200000134871,0.79695120547285114,1.3619195584624322
0.040507300000134874,0.79691135823622972,1.3623205887824952
0.040507400000134877,0.79687151099960829,1.3627216191025582
0.04050750000013488,0.79683167086841422,1.3631226494226212
0.040507600000134883,0.79679182363179279,1.3635236797426842
0.040507700000134886,0.79675199060602608,1.3639247100627472
0.040507800000134889,0.79671215758025937,1.3643257545936649
0.040507900000134892,0.79667232455449266,1.3647267849137279
0.040508000000134894,0.79663248442329859,1.3651278294446456
0.040508100000134897,0.79659265850295924,1.3655288455538539
0.0405082000001349,0.79655282547719253,1.3659298900847716
0.040508300000134903,0.79651299245142582,1.3663309204048346
0.040508400000134906,0.79647317363651382,1.3667319507248976
0.040508500000134909,0.79643334771617447,1.3671329810449606
0.040508600000134912,0.79639351469040776,1.3675340255758783
0.040508700000134915,0.79635369587549576,1.367935070106796
0.040508800000134917,0.79631389837686584,1.3683360862160043
0.04050890000013492,0.79627407245652648,1.3687371165360673
0.040509000000134923,0.79623425364161449,1.3691381468561303
0.040509100000134926,0.79619444903755721,1.369539191387048
0.040509200000134929,0.79615464443349993,1.369940221707111
0.040509300000134932,0.79611483272401529,1.3703412662380288
0.040509400000134935,0.79607502811995801,1.3707422965580918
0.040509500000134938,0.79603522351590073,1.3711433268781548
0.04050960000013494,0.7959954260172708,1.3715443571982178
0.040509700000134943,0.79595561430778616,1.3719454017291355
0.040509800000134946,0.79591583102001096,1.3723464462600532
0.040509900000134949,0.79587602641595367,1.3727474623692615
0.040510000000134952,0.79583622891732375,1.3731484926893245
0.040510100000134955,0.79586508405782297,1.2462919585232157e-005
0.040510200000134958,0.79589393209289483,1.2462919585232157e-005
0.040510300000134961,0.79592275881168462,1.2477130439947359e-005
0.040510400000134963,0.79595157131961969,1.2462919585232157e-005
0.040510500000134966,0.79598036961670005,1.2477130439947359e-005
0.040510600000134969,0.79600915370292569,1.2462919585232157e-005
0.040510700000134972,0.7960379093674419,1.2477130439947359e-005
0.040510800000134975,0.79606667924281282,1.2477130439947359e-005
0.040510900000134978,0.79609540648561961,1.2477130439947359e-005
0.040511000000134981,0.79612414083385374,1.2477130439947359e-005
0.040511100000134984,0.79615284676037845,1.2477130439947359e-005
0.040511200000134986,0.79618153847604844,1.2477130439947359e-005
0.040511300000134989,0.79621022308629108,1.2491341294662561e-005
0.040511400000134992,0.79623888638025164,1.2477130439947359e-005
0.040511500000134995,0.79626753546335749,1.2462919585232157e-005
0.040511600000134998,0.79629617033560862,1.2491341294662561e-005
0.040511700000135001,0.7963247981024324,1.2477130439947359e-005
0.040511800000135004,0.7963534045529741,1.2477130439947359e-005
0.040511900000135007,0.79638200389808844,1.2491341294662561e-005
0.040512000000135009,0.796410567716066,1.2491341294662561e-005
0.040512100000135012,0.79643913153404355,1.2491341294662561e-005
0.040512200000135015,0.79646768114116639,1.2477130439947359e-005
0.040512300000135018,0.79649621653743452,1.2477130439947359e-005
0.040512400000135021,0.79652473772284793,1.2491341294662561e-005
0.040512500000135024,0.79655323759197927,1.2491341294662561e-005
0.040512600000135027,0.79658172325025589,1.2491341294662561e-005
0.04051270000013503,0.79661020180310516,1.2491341294662561e-005
0.040512800000135032,0.79663865903967235,1.2491341294662561e-005
0.040512900000135035,0.79666710206538482,1.2491341294662561e-005
0.040513000000135038,0.79669553798566994,1.2477130439947359e-005
0.040513100000135041,0.79672394548424563,1.2491341294662561e-005
0.040513200000135044,0.79675234587739396,1.2477130439947359e-005
0.040513300000135047,0.79678073205968758,1.2491341294662561e-005
0.04051340000013505,0.79680910403112648,1.2477130439947359e-005
0.040513500000135053,0.79683744758085595,1.2462919585232157e-005
0.040513600000135055,0.79686580534144014,1.2477130439947359e-005
0.040513700000135058,0.79689412046946018,1.2477130439947359e-005
0.040513800000135061,0.79692244270290757,1.2491341294662561e-005
0.040513900000135064,0.79695072940921818,1.2477130439947359e-005
0.040514000000135067,0.79697901611552879,1.2477130439947359e-005
0.04051410000013507,0.79700728861098469,1.2491341294662561e-005
0.040514200000135073,0.79703553268473115,1.2491341294662561e-005
0.040514300000135076,0.79706376965305026,1.2477130439947359e-005
0.040514400000135078,0.79709199241051465,1.2477130439947359e-005
0.040514500000135081,0.79712020095712433,1.2491341294662561e-005
0.040514600000135084,0.79714839529287929,1.2491341294662561e-005
0.040514700000135087,0.79717658252320689,1.2491341294662561e-005
0.04051480000013509,0.79720474133182506,1.2477130439947359e-005
0.040514900000135093,0.79723289303501588,1.2491341294662561e-005
0.040515000000135096,0.79726103052735198,1.2491341294662561e-005
0.040515100000135099,0.797289146703406,1.2477130439947359e-005
0.040515200000135101,0.79731725577403267,1.2491341294662561e-005
0.040515300000135104,0.79734535063380463,1.2491341294662561e-005
0.040515400000135107,0.79737342417729451,1.2477130439947359e-005
0.04051550000013511,0.79740148350992968,1.2491341294662561e-005
0.040515600000135113,0.79742952863171013,1.2477130439947359e-005
0.040515700000135116,0.79745756664806322,1.2505552149377763e-005
0.040515800000135119,0.79748558334813424,1.2491341294662561e-005
0.040515900000135122,0.79751358583735055,1.2491341294662561e-005
0.040516000000135124,0.79754157411571214,1.2491341294662561e-005
0.040516100000135127,0.79756954107779165,1.2491341294662561e-005
0.04051620000013513,0.79759749382901646,1.2491341294662561e-005
0.040516300000135133,0.79762544658024126,1.2491341294662561e-005
0.040516400000135136,0.79765337090975663,1.2491341294662561e-005
0.040516500000135139,0.79768128102841729,1.2491341294662561e-005
0.040516600000135142,0.79770917693622323,1.2491341294662561e-005
0.040516700000135145,0.79773705863317446,1.2477130439947359e-005
0.040516800000135147,0.79776494033012568,1.2491341294662561e-005
0.04051690000013515,0.79779279360536748,1.2491341294662561e-005
0.040517000000135153,0.7978206255643272,1.2491341294662561e-005
0.040517100000135156,0.79784846462871428,1.2477130439947359e-005
0.040517200000135159,0.79787627527139193,1.2491341294662561e-005
0.040517300000135162,0.79790405749236015,1.2477130439947359e-005
0.040517400000135165,0.79793184681875573,1.2491341294662561e-005
0.040517500000135168,0.79795960772344188,1.2491341294662561e-005
0.04051760000013517,0.79798736862812802,1.2491341294662561e-005
0.040517700000135173,0.7980151082165321,1.2491341294662561e-005
0.040517800000135176,0.79804281938322674,1.2491341294662561e-005
0.040517900000135179,0.79807053054992139,1.2491341294662561e-005
0.040518000000135182,0.79809822750576132,1.2491341294662561e-005
0.040518100000135185,0.79812591025074653,1.2491341294662561e-005
0.040518200000135188,0.79815357878487703,1.2491341294662561e-005
0.040518300000135191,0.79818122600272545,1.2477130439947359e-005
0.040518400000135193,0.79820885900971916,1.2491341294662561e-005
0.040518500000135196,0.79823647780585816,1.2491341294662561e-005
0.040518600000135199,0.79826408239114244,1.2491341294662561e-005
0.040518700000135202,0.79829166566014464,1.2491341294662561e-005
0.040518800000135205,0.79831924182371949,1.2491341294662561e-005
0.040518900000135208,0.79834681088186699,1.2491341294662561e-005
0.040519000000135211,0.79837435151830505,1.2491341294662561e-005
0.040519100000135214,0.79840187794388839,1.2505552149377763e-005
0.040519200000135216,0.79842940436947174,1.2491341294662561e-005
0.040519300000135219,0.79845690947877301,1.2491341294662561e-005
0.040519400000135222,0.79848438616636486,1.2491341294662561e-005
0.040519500000135225,0.79851186995938406,1.2505552149377763e-005
0.040519600000135228,0.79853931111983911,1.2491341294662561e-005
0.040519700000135231,0.79856676649114888,1.2491341294662561e-005
0.040519800000135234,0.79859419344074922,1.2491341294662561e-005
0.040519900000135237,0.79862159907406749,1.2491341294662561e-005
0.04052000000013524,0.7986489976019584,1.2491341294662561e-005
0.040520100000135242,0.79867638191899459,1.2491341294662561e-005
0.040520200000135245,0.79870373781432136,1.2491341294662561e-005
0.040520300000135248,0.79873110792050284,1.2491341294662561e-005
0.040520400000135251,0.79875844249954753,1.2477130439947359e-005
0.040520500000135254,0.79878576997316486,1.2505552149377763e-005
0.040520600000135257,0.79881308323592748,1.2505552149377763e-005
0.04052070000013526,0.79884037518240802,1.2491341294662561e-005
0.040520800000135263,0.79886766002346121,1.2491341294662561e-005
0.040520900000135265,0.79889492354823233,1.2477130439947359e-005
0.040521000000135268,0.79892217996757608,1.2491341294662561e-005
0.040521100000135271,0.79894940796521041,1.2491341294662561e-005
0.040521200000135274,0.79897662885741738,1.2491341294662561e-005
0.040521300000135277,0.79900384264419699,1.2491341294662561e-005
0.04052140000013528,0.79903103511469453,1.2491341294662561e-005
0.040521500000135283,0.79905821337433736,1.2491341294662561e-005
0.040521600000135286,0.79908537742312546,1.2491341294662561e-005
0.040521700000135288,0.7991125201556315,1.2491341294662561e-005
0.040521800000135291,0.79913966288813754,1.2491341294662561e-005
0.040521900000135294,0.7991667843043615,1.2505552149377763e-005
0.040522000000135297,0.79919387729887603,1.2505552149377763e-005
0.0405221000001353,0.79922097739881792,1.2491341294662561e-005
0.040522200000135303,0.79924804907705038,1.2505552149377763e-005
0.040522300000135306,0.79927511364985548,1.2505552149377763e-005
0.040522400000135309,0.79930214980095116,1.2491341294662561e-005
0.040522500000135311,0.79932917884661947,1.2491341294662561e-005
0.040522600000135314,0.79935620789228778,1.2491341294662561e-005
0.040522700000135317,0.79938320851624667,1.2491341294662561e-005
0.04052280000013532,0.79941020203477819,1.2505552149377763e-005
0.040522900000135323,0.79943716713160029,1.2505552149377763e-005
0.040523000000135326,0.79946411801756767,1.2491341294662561e-005
0.040523100000135329,0.79949106890353505,1.2491341294662561e-005
0.040523200000135332,0.799517991367793,1.2505552149377763e-005
0.040523300000135334,0.79954491383205095,1.2519763004092965e-005
0.040523400000135337,0.79957180076917211,1.2505552149377763e-005
0.04052350000013534,0.79959868770629328,1.2505552149377763e-005
0.040523600000135343,0.79962556043255972,1.2491341294662561e-005
0.040523700000135346,0.7996524118425441,1.2491341294662561e-005
0.040523800000135349,0.79967925614710111,1.2505552149377763e-005
0.040523900000135352,0.7997060720299487,1.2505552149377763e-005
0.040524000000135355,0.79973288791279629,1.2491341294662561e-005
0.040524100000135357,0.79975968958478916,1.2505552149377763e-005
0.04052420000013536,0.7997864628350726,1.2505552149377763e-005
0.040524300000135363,0.79981322187450132,1.2505552149377763e-005
0.040524400000135366,0.79983998091393005,1.2505552149377763e-005
0.040524500000135369,0.7998667186370767,1.2491341294662561e-005
0.040524600000135372,0.79989343504394128,1.2491341294662561e-005
0.040524700000135375,0.7999201443453785,1.2505552149377763e-005
0.040524800000135378,0.79994683233053365,1.2491341294662561e-005
0.04052490000013538,0.7999735203156888,1.2505552149377763e-005
0.040525000000135383,0.80000017277370716,1.2505552149377763e-005
0.040525100000135386,0.80002682523172552,1.2505552149377763e-005
0.040525200000135389,0.80005346347888917,1.2505552149377763e-005
0.040525300000135392,0.80008007330434339,1.2505552149377763e-005
0.040525400000135395,0.80010669023522496,1.2505552149377763e-005
0.040525500000135398,0.80013327163896975,1.2505552149377763e-005
0.040525600000135401,0.80015986014814189,1.2491341294662561e-005
0.040525700000135403,0.80018641313017724,1.2505552149377763e-005
0.040525800000135406,0.80021295190135788,1.2491341294662561e-005
0.040525900000135409,0.80023949067253852,1.2505552149377763e-005
0.040526000000135412,0.80026600812743709,1.2505552149377763e-005
0.040526100000135415,0.80029251137148094,1.2505552149377763e-005
0.040526200000135418,0.80031899329924272,1.2491341294662561e-005
0.040526300000135421,0.80034546812157714,1.2519763004092965e-005
0.040526400000135424,0.80037192873305685,1.2519763004092965e-005
0.040526500000135426,0.80039836802825448,1.2505552149377763e-005
0.040526600000135429,0.80042480732345211,1.2505552149377763e-005
0.040526700000135432,0.80045121109151296,1.2491341294662561e-005
0.040526800000135435,0.80047761485957381,1.2505552149377763e-005
0.040526900000135438,0.80050399020592522,1.2491341294662561e-005
0.040527000000135441,0.80053036555227663,1.2491341294662561e-005
0.040527100000135444,0.80055671247691862,1.2505552149377763e-005
0.040527200000135447,0.80058305229613325,1.2505552149377763e-005
0.040527300000135449,0.80060938500992052,1.2505552149377763e-005
0.040527400000135452,0.80063568930199835,1.2505552149377763e-005
0.040527500000135455,0.80066198648864884,1.2491341294662561e-005
0.040527600000135458,0.8006882694644446,1.2505552149377763e-005
0.040527700000135461,0.8007145311239583,1.2505552149377763e-005
0.040527800000135464,0.80074079278347199,1.2505552149377763e-005
0.040527900000135467,0.80076701891584889,1.2519763004092965e-005
0.04052800000013547,0.8007932450482258,1.2505552149377763e-005
0.040528100000135472,0.80081945696974799,1.2519763004092965e-005
0.040528200000135475,0.80084564046956075,1.2505552149377763e-005
0.040528300000135478,0.80087182396937351,1.2505552149377763e-005
0.040528400000135481,0.8008979861529042,1.2519763004092965e-005
0.040528500000135484,0.80092414123100752,1.2505552149377763e-005
0.040528600000135487,0.80095026788740142,1.2505552149377763e-005
0.04052870000013549,0.80097639454379532,1.2505552149377763e-005
0.040528800000135493,0.80100249988390715,1.2519763004092965e-005
0.040528900000135495,0.80102859101316426,1.2505552149377763e-005
0.040529000000135498,0.80105466793156666,1.2519763004092965e-005
0.040529100000135501,0.80108072353368698,1.2505552149377763e-005
0.040529200000135504,0.80110677203037994,1.2519763004092965e-005
0.040529300000135507,0.80113280631621819,1.2519763004092965e-005
0.04052940000013551,0.80115881218034701,1.2519763004092965e-005
0.040529500000135513,0.80118482514990319,1.2519763004092965e-005
0.040529600000135516,0.80121080969774994,1.2505552149377763e-005
0.040529700000135518,0.80123678003474197,1.2505552149377763e-005
0.040529800000135521,0.80126274326630664,1.2519763004092965e-005
0.040529900000135524,0.80128867807616189,1.2505552149377763e-005
0.040530000000135527,0.80131460578058977,1.2505552149377763e-005
0.04053010000013553,0.8013405263795903,1.2505552149377763e-005
0.040530200000135533,0.80136643276773611,1.2533973858808167e-005
0.040530300000135536,0.8013923107341725,1.2505552149377763e-005
0.040530400000135539,0.80141818159518152,1.2505552149377763e-005
0.040530500000135541,0.80144403113990847,1.2505552149377763e-005
0.040530600000135544,0.80146986647378071,1.2505552149377763e-005
0.040530700000135547,0.80149569470222559,1.2519763004092965e-005
0.04053080000013555,0.80152150871981576,1.2505552149377763e-005
0.040530900000135553,0.80154729431569649,1.2505552149377763e-005
0.040531000000135556,0.80157308701700458,1.2519763004092965e-005
0.040531100000135559,0.8015988584020306,1.2505552149377763e-005
0.040531200000135562,0.80162460136534719,1.2505552149377763e-005
0.040531300000135564,0.80165033722323642,1.2519763004092965e-005
0.040531400000135567,0.80167606597569829,1.2519763004092965e-005
0.04053150000013557,0.80170176630645074,1.2505552149377763e-005
0.040531600000135573,0.80172747374263054,1.2519763004092965e-005
0.040531700000135576,0.80175314565167355,1.2519763004092965e-005
0.040531800000135579,0.80177880334986185,1.2519763004092965e-005
0.040531900000135582,0.8018044681534775,1.2519763004092965e-005
0.040532000000135585,0.80183010453538373,1.2519763004092965e-005
0.040532100000135587,0.80185572670643523,1.2505552149377763e-005
0.04053220000013559,0.80188132045577731,1.2519763004092965e-005
0.040532300000135593,0.80190691420511939,1.2505552149377763e-005
0.040532400000135596,0.8019324866381794,1.2519763004092965e-005
0.040532500000135599,0.8019580590712394,1.2519763004092965e-005
0.040532600000135602,0.80198359597716262,1.2505552149377763e-005
0.040532700000135605,0.80200913288308584,1.2519763004092965e-005
0.040532800000135608,0.80203464847272699,1.2519763004092965e-005
0.04053290000013561,0.80206014985151342,1.2519763004092965e-005
0.040533000000135613,0.80208564412487249,1.2519763004092965e-005
0.040533100000135616,0.80211111708194949,1.2519763004092965e-005
0.040533200000135619,0.80213657582817177,1.2519763004092965e-005
0.040533300000135622,0.80216202036353934,1.2519763004092965e-005
0.040533400000135625,0.80218745068805219,1.2533973858808167e-005
0.040533500000135628,0.80221286680171033,1.2519763004092965e-005
0.040533600000135631,0.8022382615990864,1.2519763004092965e-005
0.040533700000135633,0.80226364929103511,1.2519763004092965e-005
0.040533800000135636,0.8022890227721291,1.2519763004092965e-005
0.040533900000135639,0.80231437493694102,1.2519763004092965e-005
0.040534000000135642,0.80233971999632558,1.2519763004092965e-005
0.040534100000135645,0.80236504373942807,1.2519763004092965e-005
0.040534200000135648,0.80239034616624849,1.2505552149377763e-005
0.040534300000135651,0.80241564859306891,1.2519763004092965e-005
0.040534400000135654,0.80244092970360725,1.2505552149377763e-005
0.040534500000135656,0.80246618949786352,1.2519763004092965e-005
0.040534600000135659,0.8024914492921198,1.2519763004092965e-005
0.040534700000135662,0.80251669487552135,1.2519763004092965e-005
0.040534800000135665,0.80254191203721348,1.2505552149377763e-005
0.040534900000135668,0.80256712209347825,1.2505552149377763e-005
0.040535000000135671,0.80259232504431566,1.2519763004092965e-005
0.040535100000135674,0.80261749957344364,1.2519763004092965e-005
0.040535200000135677,0.80264266699714426,1.2519763004092965e-005
0.040535300000135679,0.80266780599913545,1.2519763004092965e-005
0.040535400000135682,0.802692952106554,1.2519763004092965e-005
0.040535500000135685,0.80271807689769048,1.2519763004092965e-005
0.040535600000135688,0.80274318747797224,1.2519763004092965e-005
0.040535700000135691,0.80276826963654457,1.2519763004092965e-005
0.040535800000135694,0.80279334468968955,1.2519763004092965e-005
0.040535900000135697,0.80281840553197981,1.2519763004092965e-005
0.0405360000001357,0.80284345926884271,1.2519763004092965e-005
0.040536100000135702,0.80286849168942354,1.2533973858808167e-005
0.040536200000135705,0.80289350989914965,1.2519763004092965e-005
