Time,tensao_indutor
0.037275200000041933,-50.004073266364067
0.037275300000041936,-50.005737739193769
0.037275400000041939,-50.007401293164676
0.037275500000041942,-50.00906392829495
0.037275600000041945,-50.010725644602758
0.037275700000041948,-50.012386442106219
0.03727580000004195,-50.014046320823553
0.037275900000041953,-50.015705280772977
0.037276000000041956,-50.01736332197266
0.037276100000041959,-50.019020444440869
0.037276200000041962,-50.020676648195845
0.037276300000041965,-50.022331933255806
0.037276400000041968,-50.02398629963907
0.037276500000041971,-50.025639747363932
0.037276600000041973,-50.027292276448627
0.037276700000041976,-50.028943886911549
0.037276800000041979,-50.03059457877098
0.037276900000041982,-50.032244352045268
0.037277000000041985,-50.033893206752786
0.037277100000041988,-50.035541142911889
0.037277200000041991,-50.037188160541014
0.037277300000041994,-50.038834259658536
0.037277400000041996,-50.040479440282844
0.037277500000041999,-50.042123702432399
0.037277600000042002,-50.043767046125637
0.037277700000042005,-50.045409471381049
0.037277800000042008,-50.047050978217072
0.037277900000042011,-50.048691566652209
0.037278000000042014,-50.050331236704956
0.037278100000042017,-50.051969988393815
0.037278200000042019,-50.053607821737359
0.037278300000042022,-50.055244736754119
0.037278400000042025,-50.05688073346267
0.037278500000042028,-50.058515811881549
0.037278600000042031,-50.060149972029372
0.037278700000042034,-50.061783213924755
0.037278800000042037,-50.063415537586287
0.03727890000004204,-50.065046943032613
0.037279000000042042,-50.066677430282404
0.037279100000042045,-50.068306999354299
0.037279200000042048,-50.069935650266977
0.037279300000042051,-50.071563383039113
0.037279400000042054,-50.073190197689414
0.037279500000042057,-50.074816094236645
0.03727960000004206,-50.07644107269951
0.037279700000042063,-50.078065133096764
0.037279800000042065,-50.079688275447189
0.037279900000042068,-50.081310499769508
0.037280000000042071,-50.082931806082541
0.037280100000042074,-50.084552194405099
0.037280200000042077,-50.086171664755994
0.03728030000004208,-50.087790217154094
0.037280400000042083,-50.089407851618198
0.037280500000042086,-50.091024568167185
0.037280600000042088,-50.092640366819936
0.037280700000042091,-50.094255247595349
0.037280800000042094,-50.095869210512326
0.037280900000042097,-50.09748225558981
0.0372810000000421,-50.099094382846715
0.037281100000042103,-50.100705592301999
0.037281200000042106,-50.102315883974626
0.037281300000042109,-50.103925257883574
0.037281400000042111,-50.105533714047823
0.037281500000042114,-50.107141252486407
0.037281600000042117,-50.108747873218356
0.03728170000004212,-50.110353576262661
0.037281800000042123,-50.111958361638415
0.037281900000042126,-50.113562229364646
0.037282000000042129,-50.11516517946044
0.037282100000042132,-50.116767211944932
0.037282200000042134,-50.118368326837228
0.037282300000042137,-50.119968524156413
0.03728240000004214,-50.121567803921629
0.037282500000042143,-50.123166166152053
0.037282600000042146,-50.124763610866836
0.037282700000042149,-50.12636013808514
0.037282800000042152,-50.127955747826157
0.037282900000042155,-50.129550440109142
0.037283000000042157,-50.131144214953288
0.03728310000004216,-50.132737072377815
0.037283200000042163,-50.134329012401992
0.037283300000042166,-50.135920035045103
0.037283400000042169,-50.137510140326448
0.037283500000042172,-50.139099328265253
0.037283600000042175,-50.140687598880888
0.037283700000042178,-50.142274952192643
0.03728380000004218,-50.143861388219868
0.037283900000042183,-50.145446906981931
0.037284000000042186,-50.147031508498173
0.037284100000042189,-50.148615192787986
0.037284200000042192,-50.150197959870745
0.037284300000042195,-50.151779809765891
0.037284400000042198,-50.153360742492836
0.037284500000042201,-50.154940758071042
0.037284600000042203,-50.156519856519914
0.037284700000042206,-50.158098037858963
0.037284800000042209,-50.159675302107665
0.037284900000042212,-50.161251649285511
0.037285000000042215,-50.162827079412004
0.037285100000042218,-50.164401592506657
0.037285200000042221,-50.165975188589037
0.037285300000042224,-50.167547867678692
0.037285400000042226,-50.169119629795176
0.037285500000042229,-50.170690474958064
0.037285600000042232,-50.172260403186982
0.037285700000042235,-50.173829414501519
0.037285800000042238,-50.175397508921286
0.037285900000042241,-50.176964686465993
0.037286000000042244,-50.178530947155238
0.037286100000042247,-50.180096291008702
0.037286200000042249,-50.181660718046054
0.037286300000042252,-50.183224228287017
0.037286400000042255,-50.184786821751253
0.037286500000042258,-50.18634849845855
0.037286600000042261,-50.187909258428618
0.037286700000042264,-50.189469101681219
0.037286800000042267,-50.19102802823609
0.03728690000004227,-50.192586038113049
0.037287000000042272,-50.194143131331884
0.037287100000042275,-50.195699307912435
0.037287200000042278,-50.197254567874481
0.037287300000042281,-50.198808911237883
0.037287400000042284,-50.200362338022487
0.037287500000042287,-50.201914848248158
0.03728760000004229,-50.203466441934822
0.037287700000042293,-50.205017119102337
0.037287800000042295,-50.206566879770612
0.037287900000042298,-50.208115723959587
0.037288000000042301,-50.209663651689212
0.037288100000042304,-50.211210662979411
0.037288200000042307,-50.212756757850187
0.03728830000004231,-50.214301936321512
0.037288400000042313,-50.215846198413352
0.037288500000042316,-50.217389544145774
0.037288600000042318,-50.218931973538787
0.037288700000042321,-50.220473486612399
0.037288800000042324,-50.222014083386718
0.037288900000042327,-50.223553763881789
0.03728900000004233,-50.225092528117678
0.037289100000042333,-50.226630376114493
0.037289200000042336,-50.228167307892356
0.037289300000042339,-50.229703323471398
0.037289400000042341,-50.231238422871762
0.037289500000042344,-50.232772606113564
0.037289600000042347,-50.234305873217018
0.03728970000004235,-50.235838224202304
0.037289800000042353,-50.237369659089602
0.037289900000042356,-50.238900177899126
0.037290000000042359,-50.240429780651127
0.037290100000042362,74.993788133208
0.037290200000042364,74.993786207432919
0.037290300000042367,74.993784281657895
0.03729040000004237,74.9937823558829
0.037290500000042373,74.993780430107947
0.037290600000042376,74.993778504333079
0.037290700000042379,74.993776578558254
0.037290800000042382,74.993774652783458
0.037290900000042385,74.993772727008746
0.037291000000042387,74.993770801234064
0.03729110000004239,74.993768875459423
0.037291200000042393,74.99376694968484
0.037291300000042396,74.993765023910299
0.037291400000042399,74.993763098135787
0.037291500000042402,74.99376117236136
0.037291600000042405,74.993759246586961
0.037291700000042408,74.993757320812634
0.03729180000004241,74.993755395038363
0.037291900000042413,74.993753469264121
0.037292000000042416,74.993751543489907
0.037292100000042419,74.993749617715764
0.037292200000042422,74.993747691941678
0.037292300000042425,74.993745766167677
0.037292400000042428,74.993743840393648
0.037292500000042431,74.993741914619676
0.037292600000042433,74.993739988845789
0.037292700000042436,74.993738063071959
0.037292800000042439,74.993736137298157
0.037292900000042442,74.993734211524412
0.037293000000042445,74.99373228575071
0.037293100000042448,74.993730359977036
0.037293200000042451,74.993728434203462
0.037293300000042454,74.993726508429901
0.037293400000042456,74.993724582656398
0.037293500000042459,74.993722656882952
0.037293600000042462,74.993720731109548
0.037293700000042465,74.993718805336215
0.037293800000042468,74.993716879562896
0.037293900000042471,74.993714953789635
0.037294000000042474,74.99371302801643
0.037294100000042477,74.993711102243253
0.037294200000042479,74.99370917647019
0.037294300000042482,74.993707250697128
0.037294400000042485,74.993705324924122
0.037294500000042488,74.993703399151173
0.037294600000042491,74.993701473378252
0.037294700000042494,74.993699547605388
0.037294800000042497,74.993697621832609
0.0372949000000425,74.993695696059817
0.037295000000042502,74.993693770287109
0.037295100000042505,74.993691844514473
0.037295200000042508,74.993689918741836
0.037295300000042511,74.993687992969299
0.037295400000042514,74.993686067196762
0.037295500000042517,74.993684141424325
0.03729560000004252,74.993682215651916
0.037295700000042523,74.993680289879563
0.037295800000042525,74.99367836410724
0.037295900000042528,74.993676438334973
0.037296000000042531,74.993674512562734
0.037296100000042534,74.993672586790581
0.037296200000042537,74.993670661018484
0.03729630000004254,74.993668735246416
0.037296400000042543,74.993666809474377
0.037296500000042546,74.993664883702394
0.037296600000042548,74.993662957930482
0.037296700000042551,74.993661032158627
0.037296800000042554,74.993659106386815
0.037296900000042557,74.993657180615031
0.03729700000004256,74.99365525484329
0.037297100000042563,74.993653329071662
0.037297200000042566,74.993651403300021
0.037297300000042569,74.99364947752845
0.037297400000042571,74.993647551756922
0.037297500000042574,74.993645625985437
0.037297600000042577,74.993643700214008
0.03729770000004258,74.993641774442636
0.037297800000042583,74.993639848671293
0.037297900000042586,74.993637922900035
0.037298000000042589,74.993635997128791
0.037298100000042592,74.993634071357619
0.037298200000042595,74.993632145586503
0.037298300000042597,74.993630219815401
0.0372984000000426,74.99362829404437
0.037298500000042603,74.993626368273397
0.037298600000042606,74.993624442502465
0.037298700000042609,74.993622516731577
0.037298800000042612,74.993620590960759
0.037298900000042615,74.99361866518997
0.037299000000042618,74.993616739419252
0.03729910000004262,74.993614813648549
0.037299200000042623,74.99361288787793
0.037299300000042626,74.993610962107326
0.037299400000042629,74.993609036336778
0.037299500000042632,74.993607110566288
0.037299600000042635,74.993605184795882
0.037299700000042638,74.993603259025477
0.037299800000042641,74.993601333255157
0.037299900000042643,74.993599407484851
0.037300000000042646,74.993597481714616
0.037300100000042649,74.993595555944395
0.037300200000042652,74.99359363017426
0.037300300000042655,74.993591704404167
0.037300400000042658,74.993589778634146
0.037300500000042661,74.993587852864152
0.037300600000042664,74.993585927094188
0.037300700000042666,74.993584001324308
0.037300800000042669,74.993582075554443
0.037300900000042672,74.993580149784677
0.037301000000042675,74.993578224014925
0.037301100000042678,74.993576298245216
0.037301200000042681,74.993574372475564
0.037301300000042684,74.993572446705969
0.037301400000042687,74.993570520936416
0.037301500000042689,74.99356859516692
0.037301600000042692,74.993566669397495
0.037301700000042695,74.99356474362807
0.037301800000042698,74.993562817858717
0.037301900000042701,74.99356089208942
0.037302000000042704,74.993558966320165
0.037302100000042707,74.993557040550982
0.03730220000004271,74.993555114781856
0.037302300000042712,74.993553189012715
0.037302400000042715,74.99355126324366
0.037302500000042718,74.993549337474647
0.037302600000042721,74.993547411705705
0.037302700000042724,74.993545485936778
0.037302800000042727,74.993543560167922
0.03730290000004273,74.993541634399136
0.037303000000042733,74.993539708630379
0.037303100000042735,74.993537782861651
0.037303200000042738,74.993535857092994
0.037303300000042741,74.993533931324379
0.037303400000042744,74.993532005555835
0.037303500000042747,74.99353007978732
0.03730360000004275,74.993528154018861
0.037303700000042753,74.99352622825046
0.037303800000042756,74.993524302482072
0.037303900000042758,74.99352237671377
0.037304000000042761,74.99352045094551
0.037304100000042764,74.993518525177279
0.037304200000042767,74.993516599409134
0.03730430000004277,74.993514673641016
0.037304400000042773,74.993512747872927
0.037304500000042776,74.993510822104895
0.037304600000042779,74.993508896336934
0.037304700000042781,74.993506970569044
0.037304800000042784,74.993505044801168
0.037304900000042787,74.993503119033363
0.03730500000004279,74.993501193265558
0.037305100000042793,74.993499267497825
0.037305200000042796,74.993497341730148
0.037305300000042799,74.993495415962585
0.037305400000042802,74.993493490194993
0.037305500000042804,74.993491564427472
0.037305600000042807,74.99348963865998
0.03730570000004281,74.993487712892531
0.037305800000042813,74.993485787125195
0.037305900000042816,74.993483861357845
0.037306000000042819,74.99348193559058
0.037306100000042822,74.993480009823358
0.037306200000042825,74.993478084056193
0.037306300000042827,74.993476158289042
0.03730640000004283,74.993474232521947
0.037306500000042833,74.99347230675491
0.037306600000042836,74.993470380987986
0.037306700000042839,74.993468455221034
0.037306800000042842,74.993466529454125
0.037306900000042845,74.9934646036873
0.037307000000042848,74.993462677920505
0.03730710000004285,74.993460752153794
0.037307200000042853,74.993458826387098
0.037307300000042856,74.993456900620473
0.037307400000042859,74.993454974853876
0.037307500000042862,74.99345304908735
0.037307600000042865,74.993451123320881
0.037307700000042868,74.99344919755444
0.037307800000042871,74.993447271788057
0.037307900000042873,74.993445346021673
0.037308000000042876,74.993443420255403
0.037308100000042879,74.99344149448919
0.037308200000042882,74.993439568723005
0.037308300000042885,74.993437642956863
0.037308400000042888,74.993435717190778
0.037308500000042891,74.993433791424692
0.037308600000042894,74.993431865658721
0.037308700000042896,74.993429939892778
0.037308800000042899,74.993428014126891
0.037308900000042902,74.993426088361048
0.037309000000042905,74.993424162595261
0.037309100000042908,74.993422236829474
0.037309200000042911,74.993420311063829
0.037309300000042914,74.993418385298156
0.037309400000042917,74.993416459532568
0.037309500000042919,74.993414533767009
0.037309600000042922,74.993412608001506
0.037309700000042925,74.99341068223606
0.037309800000042928,74.993408756470672
0.037309900000042931,74.993406830705311
0.037310000000042934,74.993404904940007
0.037310100000042937,-49.742326476353568
0.03731020000004294,-49.744129651192246
0.037310300000042942,-49.745932134959666
0.037310400000042945,-49.747733697309449
0.037310500000042948,-49.749534338257554
0.037310600000042951,-49.75133405781996
0.037310700000042954,-49.753132856012641
0.037310800000042957,-49.754930732851619
0.03731090000004296,-49.756727688352917
0.037311000000042963,-49.758523722532551
0.037311100000042965,-49.760318835406601
0.037311200000042968,-49.762113026991145
0.037311300000042971,-49.763906297302235
0.037311400000042974,-49.765698646355958
0.037311500000042977,-49.767490074168464
0.03731160000004298,-49.769280580755854
0.037311700000042983,-49.771070166134272
0.037311800000042986,-49.772858830319862
0.037311900000042988,-49.774646573328795
0.037312000000042991,-49.776433395177271
0.037312100000042994,-49.77821929588147
0.037312200000042997,-49.780004275457607
0.037312300000043,-49.781788333921931
0.037312400000043003,-49.783571471290664
0.037312500000043006,-49.785353687580063
0.037312600000043009,-49.7871349828064
0.037312700000043011,-49.788915356985974
0.037312800000043014,-49.790694810135072
0.037312900000043017,-49.792473342269979
0.03731300000004302,-49.794250953407094
0.037313100000043023,-49.796027643562695
0.037313200000043026,-49.797803412753176
0.037313300000043029,-49.799578260994849
0.037313400000043032,-49.801352188304158
0.037313500000043034,-49.803125194697543
0.037313600000043037,-49.804897280191362
0.03731370000004304,-49.80666844480205
0.037313800000043043,-49.808438688546076
0.037313900000043046,-49.810208011439883
0.037314000000043049,-49.811976413499963
0.037314100000043052,-49.813743894742764
0.037314200000043055,-49.815510455184842
0.037314300000043057,-49.81727609484269
0.03731440000004306,-49.819040813732855
0.037314500000043063,-49.820804611871864
0.037314600000043066,-49.822567489276295
0.037314700000043069,-49.824329445962732
0.037314800000043072,-49.826090481947759
0.037314900000043075,-49.827850597247981
0.037315000000043078,-49.829609791879996
0.03731510000004308,-49.83136806586046
0.037315200000043083,-49.833125419206006
0.037315300000043086,-49.834881851933311
0.037315400000043089,-49.836637364059044
0.037315500000043092,-49.838391955599924
0.037315600000043095,-49.840145626572649
0.037315700000043098,-49.841898376993939
0.037315800000043101,-49.843650206880511
0.037315900000043103,-49.845401116249135
0.037316000000043106,-49.847151105116588
0.037316100000043109,-49.848900173499622
0.037316200000043112,-49.850648321415044
0.037316300000043115,-49.852395548879684
0.037316400000043118,-49.854141855910342
0.037316500000043121,-49.855887242523863
0.037316600000043124,-49.857631708737095
0.037316700000043126,-49.85937525456692
0.037316800000043129,-49.861117880030186
0.037316900000043132,-49.862859585143838
0.037317000000043135,-49.864600369924744
0.037317100000043138,-49.86634023438986
0.037317200000043141,-49.868079178556123
0.037317300000043144,-49.86981720244048
0.037317400000043147,-49.871554306059906
0.037317500000043149,-49.873290489431398
0.037317600000043152,-49.875025752571915
0.037317700000043155,-49.876760095498518
0.037317800000043158,-49.878493518228197
0.037317900000043161,-49.880226020778004
0.037318000000043164,-49.88195760316502
0.037318100000043167,-49.883688265406271
0.03731820000004317,-49.885418007518872
0.037318300000043172,-49.887146829519928
0.037318400000043175,-49.888874731426526
0.037318500000043178,-49.890601713255833
0.037318600000043181,-49.892327775024945
0.037318700000043184,-49.89405291675105
0.037318800000043187,-49.895777138451329
0.03731890000004319,-49.897500440142984
0.037319000000043193,-49.899222821843182
0.037319100000043195,-49.900944283569153
0.037319200000043198,-49.902664825338114
0.037319300000043201,-49.904384447167324
0.037319400000043204,-49.906103149074035
0.037319500000043207,-49.907820931075506
0.03731960000004321,-49.90953779318906
0.037319700000043213,-49.911253735431991
0.037319800000043216,-49.912968757821631
0.037319900000043219,-49.914682860375287
0.037320000000043221,-49.916396043110296
0.037320100000043224,-49.918108306044005
0.037320200000043227,-49.919819649193819
0.03732030000004323,-49.92153007257717
0.037320400000043233,-49.923239576211415
0.037320500000043236,-49.924948160113985
0.037320600000043239,-49.926655824302301
0.037320700000043242,-49.928362568793794
0.037320800000043244,-49.930068393605957
0.037320900000043247,-49.931773298756283
0.03732100000004325,-49.933477284262253
0.037321100000043253,-49.935180350141366
0.037321200000043256,-49.936882496411151
0.037321300000043259,-49.938583723089145
0.037321400000043262,-49.940284030192842
0.037321500000043265,-49.941983417739891
0.037321600000043267,-49.943681885747807
0.03732170000004327,-49.945379434234219
0.037321800000043273,-49.94707606321672
0.037321900000043276,-49.948771772712931
0.037322000000043279,-49.950466562740523
0.037322100000043282,-49.952160433317118
0.037322200000043285,-49.953853384460373
0.037322300000043288,-49.955545416187995
0.03732240000004329,-49.957236528517655
0.037322500000043293,-49.958926721467058
0.037322600000043296,-49.960615995053942
0.037322700000043299,-49.962304349296026
0.037322800000043302,-49.963991784211075
0.037322900000043305,-49.965678299816865
0.037323000000043308,-49.967363896131175
0.037323100000043311,-49.969048573171804
0.037323200000043313,-49.970732330956544
0.037323300000043316,-49.972415169503243
0.037323400000043319,-49.97409708882973
0.037323500000043322,-49.975778088953845
0.037323600000043325,-49.977458169893467
0.037323700000043328,-49.979137331666486
0.037323800000043331,-49.980815574290787
0.037323900000043334,-49.982492897784311
0.037324000000043336,-49.984169302164958
0.037324100000043339,-49.985844787450667
0.037324200000043342,-49.987519353659415
0.037324300000043345,-49.989193000809145
0.037324400000043348,-49.990865728917861
0.037324500000043351,-49.992537538003546
0.037324600000043354,-49.994208428084221
0.037324700000043357,-49.995878399177919
0.037324800000043359,-49.99754745130268
0.037324900000043362,-49.999215584476531
0.037325000000043365,-50.000882798717605
0.037325100000043368,-50.002549094043921
0.037325200000043371,-50.004214470473613
0.037325300000043374,-50.005878928024813
0.037325400000043377,-50.007542466715634
0.03732550000004338,-50.009205086564208
0.037325600000043382,-50.010866787588697
0.037325700000043385,-50.012527569807268
0.037325800000043388,-50.014187433238121
0.037325900000043391,-50.015846377899457
0.037326000000043394,-50.017504403809468
0.037326100000043397,-50.0191615109864
0.0373262000000434,-50.020817699448507
0.037326300000043403,-50.022472969214036
0.037326400000043405,-50.024127320301268
0.037326500000043408,-50.025780752728494
0.037326600000043411,-50.027433266514002
0.037326700000043414,-50.029084861676083
0.037326800000043417,-50.030735538233131
0.03732690000004342,-50.032385296203422
0.037327000000043423,-50.034034135605353
0.037327100000043426,-50.035682056457269
0.037327200000043428,-50.037329058777594
0.037327300000043431,-50.038975142584746
0.037327400000043434,-50.0406203078971
0.037327500000043437,-50.04226455473313
0.03732760000004344,-50.043907883111252
0.037327700000043443,-50.045550293049928
0.037327800000043446,-50.047191784567644
0.037327900000043449,-50.048832357682883
0.037328000000043451,-50.050472012414154
0.037328100000043454,-50.052110748779967
0.037328200000043457,-50.05374856679888
0.03732830000004346,-50.055385466489419
0.037328400000043463,-50.057021447870156
0.037328500000043466,-50.058656510959644
0.037328600000043469,-50.060290655776498
0.037328700000043472,-50.061923882339286
0.037328800000043474,-50.06355619066666
0.037328900000043477,-50.06518758077727
0.03732900000004348,-50.066818052689712
0.037329100000043483,-50.068447606422694
0.037329200000043486,-50.070076241994876
0.037329300000043489,-50.071703959424944
0.037329400000043492,-50.073330758731615
0.037329500000043495,-50.074956639933625
0.037329600000043497,-50.076581603049668
0.0373297000000435,-50.078205648098518
0.037329800000043503,-50.079828775098939
0.037329900000043506,-50.081450984069697
0.037330000000043509,-50.083072275029586
0.037330100000043512,-50.084692647997436
0.037330200000043515,-50.086312102992025
0.037330300000043518,-50.087930640032212
0.03733040000004352,-50.089548259136869
0.037330500000043523,-50.091164960324818
0.037330600000043526,-50.092780743614966
0.037330700000043529,-50.094395609026193
0.037330800000043532,-50.0960095565774
0.037330900000043535,-50.097622586287549
0.037331000000043538,-50.09923469817555
0.037331100000043541,-50.100845892260352
0.037331200000043543,-50.102456168560913
0.037331300000043546,-50.104065527096218
0.037331400000043549,-50.105673967885274
0.037331500000043552,-50.107281490947074
0.037331600000043555,-50.108888096300639
0.037331700000043558,-50.110493783965012
0.037331800000043561,-50.112098553959221
0.037331900000043564,-50.113702406302345
0.037332000000043566,-50.115305341013496
0.037332100000043569,-50.116907358111746
0.037332200000043572,-50.118508457616215
0.037332300000043575,-50.120108639546004
0.037332400000043578,-50.121707903920246
0.037332500000043581,-50.12330625075812
0.037332600000043584,-50.124903680078766
0.037332700000043587,-50.126500191901414
0.037332800000043589,-50.128095786245197
0.037332900000043592,-50.129690463129343
0.037333000000043595,-50.131284222573086
0.037333100000043598,-50.132877064595675
0.037333200000043601,-50.13446898921633
0.037333300000043604,-50.136059996454335
0.037333400000043607,-50.137650086328982
0.03733350000004361,-50.139239258859568
0.037333600000043612,-50.1408275140654
0.037333700000043615,-50.142414851965796
0.037333800000043618,-50.144001272580091
0.037333900000043621,-50.145586775927626
0.037334000000043624,-50.147171362027812
0.037334100000043627,-50.148755030899977
0.03733420000004363,-50.15033778256354
0.037334300000043633,-50.15191961703794
0.037334400000043635,-50.153500534342562
0.037334500000043638,-50.15508053449684
0.037334600000043641,-50.156659617520255
0.037334700000043644,-50.158237783432277
0.037334800000043647,-50.159815032252389
0.03733490000004365,-50.161391364000067
0.037335000000043653,-50.162966778694823
0.037335100000043656,-50.164541276356182
0.037335200000043658,-50.16611485700372
0.037335300000043661,-50.167687520656955
0.037335400000043664,-50.169259267335462
0.037335500000043667,-50.170830097058847
0.03733560000004367,-50.172400009846683
0.037335700000043673,-50.173969005718561
0.037335800000043676,-50.175537084694142
0.037335900000043679,-50.177104246793057
0.037336000000043681,-50.178670492034968
0.037336100000043684,-50.180235820439542
0.037336200000043687,-50.18180023202644
0.03733630000004369,-50.183363726815394
0.037336400000043693,-50.184926304826099
0.037336500000043696,-50.186487966078282
0.037336600000043699,-50.188048710591659
0.037336700000043702,-50.189608538386025
0.037336800000043704,-50.191167449481121
0.037336900000043707,-50.192725443896734
0.03733700000004371,-50.194282521652667
0.037337100000043713,-50.195838682768738
0.037337200000043716,-50.197393927264756
0.037337300000043719,-50.198948255160595
0.037337400000043722,-50.200501666476072
0.037337500000043725,-50.202054161231061
0.037337600000043727,-50.203605739445472
0.03733770000004373,-50.205156401139178
0.037337800000043733,-50.206706146332095
0.037337900000043736,-50.20825497504417
0.037338000000043739,-50.209802887295325
0.037338100000043742,-50.211349883105527
0.037338200000043745,-50.212895962494748
0.037338300000043748,-50.214441125482971
0.03733840000004375,-50.215985372090152
0.037338500000043753,-50.217528702336345
0.037338600000043756,-50.219071116241579
0.037338700000043759,-50.220612613825878
0.037338800000043762,-50.222153195109343
0.037338900000043765,-50.223692860111989
0.037339000000043768,-50.225231608853903
0.037339100000043771,-50.226769441355202
0.037339200000043773,-50.228306357636015
0.037339300000043776,-50.229842357716429
0.037339400000043779,-50.231377441616608
0.037339500000043782,-50.232911609356734
0.037339600000043785,-50.234444860956934
0.037339700000043788,-50.235977196437389
0.037339800000043791,-50.237508615818314
0.037339900000043794,-50.239039119119951
0.037340000000043796,-50.240568706362481
0.037340100000043799,74.993788146367535
0.037340200000043802,74.993786220592426
0.037340300000043805,74.993784294817431
0.037340400000043808,74.993782369042435
0.037340500000043811,74.993780443267525
0.037340600000043814,74.993778517492643
0.037340700000043817,74.99377659171779
0.037340800000043819,74.993774665942993
0.037340900000043822,74.993772740168254
0.037341000000043825,74.993770814393571
0.037341100000043828,74.993768888618945
0.037341200000043831,74.993766962844362
0.037341300000043834,74.993765037069835
0.037341400000043837,74.993763111295351
0.03734150000004384,74.99376118552091
0.037341600000043842,74.993759259746497
0.037341700000043845,74.993757333972169
0.037341800000043848,74.99375540819787
0.037341900000043851,74.993753482423642
0.037342000000043854,74.993751556649443
0.037342100000043857,74.9937496308753
0.03734220000004386,74.9937477051012
0.037342300000043863,74.993745779327156
0.037342400000043866,74.993743853553156
0.037342500000043868,74.993741927779212
0.037342600000043871,74.993740002005325
0.037342700000043874,74.99373807623148
0.037342800000043877,74.993736150457693
0.03734290000004388,74.993734224683948
0.037343000000043883,74.993732298910231
0.037343100000043886,74.9937303731366
0.037343200000043889,74.993728447362969
0.037343300000043891,74.993726521589451
0.037343400000043894,74.993724595815948
0.037343500000043897,74.993722670042473
0.0373436000000439,74.993720744269069
0.037343700000043903,74.993718818495722
0.037343800000043906,74.993716892722404
0.037343900000043909,74.99371496694917
0.037344000000043912,74.99371304117598
0.037344100000043914,74.993711115402832
0.037344200000043917,74.993709189629726
0.03734430000004392,74.993707263856678
0.037344400000043923,74.993705338083629
0.037344500000043926,74.99370341231068
0.037344600000043929,74.993701486537788
0.037344700000043932,74.993699560764924
0.037344800000043935,74.993697634992117
0.037344900000043937,74.993695709219338
0.03734500000004394,74.993693783446645
0.037345100000043943,74.99369185767398
0.037345200000043946,74.993689931901386
0.037345300000043949,74.993688006128821
0.037345400000043952,74.993686080356284
0.037345500000043955,74.993684154583832
0.037345600000043958,74.993682228811423
0.03734570000004396,74.993680303039099
0.037345800000043963,74.993678377266775
0.037345900000043966,74.993676451494508
0.037346000000043969,74.993674525722284
0.037346100000043972,74.993672599950088
0.037346200000043975,74.993670674177991
0.037346300000043978,74.993668748405895
0.037346400000043981,74.993666822633884
0.037346500000043983,74.993664896861929
0.037346600000043986,74.993662971090018
0.037346700000043989,74.993661045318106
0.037346800000043992,74.993659119546322
0.037346900000043995,74.993657193774567
0.037347000000043998,74.993655268002811
0.037347100000044001,74.993653342231141
0.037347200000044004,74.993651416459528
0.037347300000044006,74.993649490687957
0.037347400000044009,74.993647564916415
0.037347500000044012,74.993645639144944
0.037347600000044015,74.99364371337353
0.037347700000044018,74.993641787602144
0.037347800000044021,74.993639861830843
0.037347900000044024,74.993637936059542
0.037348000000044027,74.993636010288327
0.037348100000044029,74.99363408451714
0.037348200000044032,74.993632158745996
0.037348300000044035,74.993630232974908
0.037348400000044038,74.993628307203892
0.037348500000044041,74.993626381432932
0.037348600000044044,74.993624455661973
0.037348700000044047,74.993622529891098
0.03734880000004405,74.993620604120238
0.037348900000044052,74.993618678349463
0.037349000000044055,74.99361675257876
0.037349100000044058,74.993614826808056
0.037349200000044061,74.993612901037437
0.037349300000044064,74.993610975266833
0.037349400000044067,74.993609049496314
0.03734950000004407,74.993607123725781
0.037349600000044073,74.993605197955375
0.037349700000044075,74.993603272184984
0.037349800000044078,74.99360134641465
0.037349900000044081,74.993599420644358
0.037350000000044084,74.993597494874123
0.037350100000044087,74.993595569103888
0.03735020000004409,74.993593643333782
0.037350300000044093,74.993591717563675
0.037350400000044096,74.993589791793624
0.037350500000044098,74.993587866023645
0.037350600000044101,74.993585940253695
0.037350700000044104,74.993584014483815
0.037350800000044107,74.993582088713964
0.03735090000004411,74.99358016294417
0.037351000000044113,74.993578237174418
0.037351100000044116,74.993576311404695
0.037351200000044119,74.993574385635071
0.037351300000044121,74.993572459865476
0.037351400000044124,74.993570534095937
0.037351500000044127,74.993568608326427
0.03735160000004413,74.993566682556974
0.037351700000044133,74.993564756787578
0.037351800000044136,74.99356283101821
0.037351900000044139,74.993560905248941
0.037352000000044142,74.993558979479673
0.037352100000044144,74.993557053710461
0.037352200000044147,74.993555127941306
0.03735230000004415,74.993553202172194
0.037352400000044153,74.993551276403167
0.037352500000044156,74.993549350634169
0.037352600000044159,74.993547424865199
0.037352700000044162,74.993545499096285
0.037352800000044165,74.993543573327429
0.037352900000044167,74.993541647558629
0.03735300000004417,74.993539721789872
0.037353100000044173,74.993537796021158
0.037353200000044176,74.993535870252487
0.037353300000044179,74.993533944483886
0.037353400000044182,74.993532018715342
0.037353500000044185,74.993530092946813
0.037353600000044188,74.99352816717834
0.03735370000004419,74.993526241409938
0.037353800000044193,74.993524315641579
0.037353900000044196,74.993522389873249
0.037354000000044199,74.993520464104989
0.037354100000044202,74.993518538336787
0.037354200000044205,74.993516612568612
0.037354300000044208,74.993514686800495
0.037354400000044211,74.993512761032406
0.037354500000044213,74.993510835264402
0.037354600000044216,74.993508909496427
0.037354700000044219,74.993506983728508
0.037354800000044222,74.993505057960647
0.037354900000044225,74.993503132192828
0.037355000000044228,74.993501206425037
0.037355100000044231,74.993499280657332
0.037355200000044234,74.993497354889655
0.037355300000044236,74.993495429122049
0.037355400000044239,74.993493503354486
0.037355500000044242,74.993491577586951
0.037355600000044245,74.993489651819459
0.037355700000044248,74.993487726052024
0.037355800000044251,74.993485800284674
0.037355900000044254,74.993483874517352
0.037356000000044257,74.993481948750059
0.037356100000044259,74.993480022982823
0.037356200000044262,74.993478097215643
0.037356300000044265,74.993476171448535
0.037356400000044268,74.993474245681469
0.037356500000044271,74.993472319914417
0.037356600000044274,74.993470394147437
0.037356700000044277,74.993468468380513
0.03735680000004428,74.993466542613589
0.037356900000044282,74.993464616846808
0.037357000000044285,74.993462691080026
0.037357100000044288,74.993460765313273
0.037357200000044291,74.993458839546577
0.037357300000044294,74.993456913779937
0.037357400000044297,74.993454988013383
0.0373575000000443,74.993453062246829
0.037357600000044303,74.993451136480346
0.037357700000044305,74.993449210713919
0.037357800000044308,74.993447284947521
0.037357900000044311,74.993445359181166
0.037358000000044314,74.993443433414882
0.037358100000044317,74.993441507648669
0.03735820000004432,74.993439581882484
0.037358300000044323,74.993437656116328
0.037358400000044326,74.993435730350228
0.037358500000044328,74.993433804584214
0.037358600000044331,74.9934318788182
0.037358700000044334,74.993429953052271
0.037358800000044337,74.993428027286356
0.03735890000004434,74.993426101520512
0.037359000000044343,74.993424175754711
0.037359100000044346,74.993422249988981
0.037359200000044349,74.99342032422328
0.037359300000044351,74.993418398457649
0.037359400000044354,74.993416472692019
0.037359500000044357,74.993414546926488
0.03735960000004436,74.993412621160999
0.037359700000044363,74.993410695395539
0.037359800000044366,74.993408769630122
0.037359900000044369,74.993406843864776
0.037360000000044372,74.993404918099486
0.037360100000044374,-49.742464004280258
0.037360200000044377,-49.744267163675175
0.03736030000004438,-49.746069631997713
0.037360400000044383,-49.7478711789011
0.037360500000044386,-49.749671804401274
0.037360600000044389,-49.751471508514214
0.037360700000044392,-49.753270291255923
0.037360800000044395,-49.755068152642423
0.037360900000044397,-49.756865092689694
0.0373610000000444,-49.758661111413801
0.037361100000044403,-49.760456208830796
0.037361200000044406,-49.762250384956737
0.037361300000044409,-49.76404363980771
0.037361400000044412,-49.76583597339981
0.037361500000044415,-49.767627385749158
0.037361600000044418,-49.769417876871877
0.03736170000004442,-49.771207446784082
0.037361800000044423,-49.772996095501973
0.037361900000044426,-49.774783823041673
0.037362000000044429,-49.776570629419368
0.037362100000044432,-49.778356514651293
0.037362200000044435,-49.780141478753642
0.037362300000044438,-49.781925521742622
0.037362400000044441,-49.783708643634512
0.037362500000044443,-49.785490844445562
0.037362600000044446,-49.787272124192022
0.037362700000044449,-49.789052482890156
0.037362800000044452,-49.790831920556343
0.037362900000044455,-49.792610437206825
0.037363000000044458,-49.794388032857981
0.037363100000044461,-49.796164707526103
0.037363200000044464,-49.797940461227597
0.037363300000044466,-49.799715293978821
0.037363400000044469,-49.801489205796152
0.037363500000044472,-49.803262196696025
0.037363600000044475,-49.805034266694818
0.037363700000044478,-49.806805415808967
0.037363800000044481,-49.808575644054933
0.037363900000044484,-49.810344951449153
0.037364000000044487,-49.812113338008125
0.03736410000004449,-49.813880803748326
0.037364200000044492,-49.815647348686284
0.037364300000044495,-49.817412972838511
0.037364400000044498,-49.819177676221528
0.037364500000044501,-49.820941458851891
0.037364600000044504,-49.822704320746141
0.037364700000044507,-49.824466261920904
0.03736480000004451,-49.826227282392715
0.037364900000044513,-49.827987382178229
0.037365000000044515,-49.829746561293994
0.037365100000044518,-49.831504819756738
0.037365200000044521,-49.83326215758305
0.037365300000044524,-49.835018574789608
0.037365400000044527,-49.836774071393101
0.03736550000004453,-49.838528647410243
0.037365600000044533,-49.840282302857688
0.037365700000044536,-49.84203503775219
0.037365800000044538,-49.843786852110505
0.037365900000044541,-49.845537745949329
0.037366000000044544,-49.847287719285504
0.037366100000044547,-49.84903677213574
0.03736620000004455,-49.850784904516871
0.037366300000044553,-49.852532116445701
0.037366400000044556,-49.854278407939056
0.037366500000044559,-49.856023779013739
0.037366600000044561,-49.857768229686648
0.037366700000044564,-49.85951175997463
0.037366800000044567,-49.861254369894567
0.03736690000004457,-49.86299605946337
0.037367000000044573,-49.864736828697957
0.037367100000044576,-49.866476677615204
0.037367200000044579,-49.868215606232127
0.037367300000044582,-49.869953614565659
0.037367400000044584,-49.871690702632741
0.037367500000044587,-49.873426870450359
0.03736760000004459,-49.875162118035533
0.037367700000044593,-49.876896445405272
0.037367800000044596,-49.87862985257658
0.037367900000044599,-49.880362339566531
0.037368000000044602,-49.882093906392171
0.037368100000044605,-49.883824553070582
0.037368200000044607,-49.885554279618837
0.03736830000004461,-49.887283086054019
0.037368400000044613,-49.889010972393251
0.037368500000044616,-49.890737938653693
0.037368600000044619,-49.892463984852469
0.037368700000044622,-49.894189111006732
0.037368800000044625,-49.895913317133648
0.037368900000044628,-49.897636603250419
0.03736900000004463,-49.899358969374262
0.037369100000044633,-49.901080415522372
0.037369200000044636,-49.902800941711995
0.037369300000044639,-49.904520547960388
0.037369400000044642,-49.906239234284783
0.037369500000044645,-49.90795700070246
0.037369600000044648,-49.909673847230714
0.037369700000044651,-49.911389773886839
0.037369800000044653,-49.913104780688158
0.037369900000044656,-49.914818867652009
0.037370000000044659,-49.916532034795701
0.037370100000044662,-49.918244282136648
0.037370200000044665,-49.919955609692202
0.037370300000044668,-49.921666017479744
0.037370400000044671,-49.923375505516731
0.037370500000044674,-49.925084073820543
0.037370600000044676,-49.926791722408616
0.037370700000044679,-49.92849845129841
0.037370800000044682,-49.930204260507381
0.037370900000044685,-49.931909150052995
0.037371000000044688,-49.933613119952767
0.037371100000044691,-49.935316170224183
0.037371200000044694,-49.93701830088478
0.037371300000044697,-49.938719511952108
0.037371400000044699,-49.940419803443675
0.037371500000044702,-49.942119175377066
0.037371600000044705,-49.943817627769882
0.037371700000044708,-49.94551516063968
0.037371800000044711,-49.947211774004074
0.037371900000044714,-49.948907467880709
0.037372000000044717,-49.950602242287211
0.03737210000004472,-49.952296097241231
0.037372200000044722,-49.95398903276044
0.037372300000044725,-49.955681048862502
0.037372400000044728,-49.957372145565124
0.037372500000044731,-49.959062322886012
0.037372600000044734,-49.960751580842903
0.037372700000044737,-49.962439919453523
0.03737280000004474,-49.964127338735608
0.037372900000044743,-49.965813838706957
0.037373000000044745,-49.967499419385369
0.037373100000044748,-49.969184080788587
0.037373200000044751,-49.970867822934444
0.037373300000044754,-49.972550645840776
0.037373400000044757,-49.974232549525404
0.03737350000004476,-49.975913534006175
0.037373600000044763,-49.977593599300974
0.037373700000044766,-49.979272745427686
0.037373800000044768,-49.980950972404202
0.037373900000044771,-49.982628280248441
0.037374000000044774,-49.984304668978346
0.037374100000044777,-49.985980138611843
0.03737420000004478,-49.987654689166881
0.037374300000044783,-49.989328320661414
0.037374400000044786,-49.99100103311347
0.037374500000044789,-49.992672826541025
0.037374600000044791,-49.994343700962091
0.037374700000044794,-49.996013656394716
0.037374800000044797,-49.997682692856912
0.0373749000000448,-49.999350810366757
0.037375000000044803,-50.001018008942289
0.037375100000044806,-50.002684288601642
0.037375200000044809,-50.004349649362894
0.037375300000044812,-50.00601409124414
0.037375400000044814,-50.007677614263521
0.037375500000044817,-50.009340218439199
0.03737560000004482,-50.011001903789307
0.037375700000044823,-50.012662670332027
0.037375800000044826,-50.01432251808555
0.037375900000044829,-50.015981447068079
0.037376000000044832,-50.017639457297825
0.037376100000044835,-50.019296548792994
0.037376200000044837,-50.020952721571895
0.03737630000004484,-50.02260797565274
0.037376400000044843,-50.024262311053803
0.037376500000044846,-50.025915727793347
0.037376600000044849,-50.027568225889716
0.037376700000044852,-50.029219805361237
0.037376800000044855,-50.030870466226233
0.037376900000044858,-50.032520208503016
0.03737700000004486,-50.034169032209974
0.037377100000044863,-50.03581693736546
0.037377200000044866,-50.037463923987886
0.037377300000044869,-50.039109992095653
0.037377400000044872,-50.040755141707152
0.037377500000044875,-50.04239937284084
0.037377600000044878,-50.044042685515137
0.037377700000044881,-50.045685079748544
0.037377800000044883,-50.047326555559529
0.037377900000044886,-50.048967112966572
0.037378000000044889,-50.050606751988163
0.037378100000044892,-50.052245472642845
0.037378200000044895,-50.053883274949143
0.037378300000044898,-50.05552015892561
0.037378400000044901,-50.05715612459079
0.037378500000044904,-50.058791171963257
0.037378600000044906,-50.060425301061628
0.037378700000044909,-50.062058511904517
0.037378800000044912,-50.063690804510507
0.037378900000044915,-50.065322178898256
0.037379000000044918,-50.066952635086402
0.037379100000044921,-50.068582173093624
0.037379200000044924,-50.070210792938568
0.037379300000044927,-50.071838494639948
0.037379400000044929,-50.07346527821646
0.037379500000044932,-50.075091143686869
0.037379600000044935,-50.076716091069827
0.037379700000044938,-50.078340120384119
0.037379800000044941,-50.079963231648541
0.037379900000044944,-50.081585424881837
0.037380000000044947,-50.083206700102821
0.03738010000004495,-50.08482705733028
0.037380200000044952,-50.086446496583022
0.037380300000044955,-50.088065017879934
0.037380400000044958,-50.089682621239817
0.037380500000044961,-50.09129930668157
0.037380600000044964,-50.092915074224052
0.037380700000044967,-50.094529923886142
0.03738080000004497,-50.096143855686755
0.037380900000044973,-50.097756869644854
0.037381000000044975,-50.099368965779327
0.037381100000044978,-50.100980144109165
0.037381200000044981,-50.102590404653292
0.037381300000044984,-50.104199747430698
0.037381400000044987,-50.105808172460407
0.03738150000004499,-50.107415679761424
0.037381600000044993,-50.109022269352749
0.037381700000044996,-50.110627941253426
0.037381800000044998,-50.11223269548249
0.037381900000045001,-50.11383653205904
0.037382000000045004,-50.115439451002146
0.037382100000045007,-50.117041452330888
0.03738220000004501,-50.118642536064392
0.037382300000045013,-50.120242702221795
0.037382400000045016,-50.12184195082218
0.037382500000045019,-50.12344028188474
0.037382600000045021,-50.125037695428645
0.037382700000045024,-50.126634191473073
0.037382800000045027,-50.128229770037215
0.03738290000004503,-50.12982443114025
0.037383000000045033,-50.131418174801439
0.037383100000045036,-50.133011001040011
0.037383200000045039,-50.134602909875213
0.037383300000045042,-50.136193901326322
0.037383400000045044,-50.137783975412638
0.037383500000045047,-50.139373132153423
0.03738360000004505,-50.140961371568004
0.037383700000045053,-50.1425486936757
0.037383800000045056,-50.144135098495852
0.037383900000045059,-50.145720586047794
0.037384000000045062,-50.147305156350932
0.037384100000045065,-50.148888809424612
0.037384200000045067,-50.150471545288269
0.03738430000004507,-50.152053363961272
0.037384400000045073,-50.153634265463076
0.037384500000045076,-50.155214249813099
0.037384600000045079,-50.156793317030832
0.037384700000045082,-50.158371467135716
0.037384800000045085,-50.159948700147226
0.037384900000045088,-50.161525016084873
0.03738500000004509,-50.16310041496817
0.037385100000045093,-50.164674896816649
0.037385200000045096,-50.166248461649822
0.037385300000045099,-50.167821109487257
0.037385400000045102,-50.169392840348522
0.037385500000045105,-50.170963654253214
0.037385600000045108,-50.172533551220923
0.037385700000045111,-50.174102531271259
0.037385800000045114,-50.175670594423835
0.037385900000045116,-50.177237740698295
0.037386000000045119,-50.178803970114309
0.037386100000045122,-50.180369282691522
0.037386200000045125,-50.181933678449674
0.037386300000045128,-50.183497157408418
0.037386400000045131,-50.185059719587457
0.037386500000045134,-50.18662136500653
0.037386600000045137,-50.18818209368537
0.037386700000045139,-50.18974190564375
0.037386800000045142,-50.191300800901438
0.037386900000045145,-50.192858779478208
0.037387000000045148,-50.194415841393855
0.037387100000045151,-50.195971986668219
0.037387200000045154,-50.197527215321109
0.037387300000045157,-50.19908152737235
0.03738740000004516,-50.200634922841807
0.037387500000045162,-50.202187401749356
0.037387600000045165,-50.203738964114883
0.037387700000045168,-50.205289609958285
0.037387800000045171,-50.206839339299478
0.037387900000045174,-50.208388152158371
0.037388000000045177,-50.209936048554901
0.03738810000004518,-50.211483028509022
0.037388200000045183,-50.213029092040721
0.037388300000045185,-50.214574239170013
0.037388400000045188,-50.216118469916864
0.037388500000045191,-50.217661784301292
0.037388600000045194,-50.219204182343326
0.037388700000045197,-50.220745664063017
0.0373888000000452,-50.222286229480382
0.037388900000045203,-50.223825878615507
0.037389000000045206,-50.225364611488516
0.037389100000045208,-50.226902428119494
0.037389200000045211,-50.228439328528523
0.037389300000045214,-50.229975312735739
0.037389400000045217,-50.2315103807613
0.03738950000004522,-50.23304453262535
0.037389600000045223,-50.234577768348046
0.037389700000045226,-50.236110087949584
0.037389800000045229,-50.237641491450184
0.037389900000045231,-50.239171978870047
0.037390000000045234,-50.240701550229389
0.037390100000045237,74.993788160568585
0.03739020000004524,74.993786234793532
0.037390300000045243,74.99378430901848
0.037390400000045246,74.993782383243499
0.037390500000045249,74.993780457468546
0.037390600000045252,74.993778531693721
0.037390700000045254,74.993776605918853
0.037390800000045257,74.993774680144057
0.03739090000004526,74.993772754369317
0.037391000000045263,74.993770828594648
0.037391100000045266,74.993768902819994
0.037391200000045269,74.993766977045425
0.037391300000045272,74.993765051270884
0.037391400000045275,74.993763125496372
0.037391500000045277,74.993761199721959
0.03739160000004528,74.993759273947589
0.037391700000045283,74.993757348173233
0.037391800000045286,74.993755422398948
0.037391900000045289,74.993753496624691
0.037392000000045292,74.993751570850506
0.037392100000045295,74.993749645076349
0.037392200000045298,74.993747719302263
0.0373923000000453,74.993745793528205
0.037392400000045303,74.993743867754233
0.037392500000045306,74.993741941980275
0.037392600000045309,74.993740016206388
0.037392700000045312,74.993738090432544
0.037392800000045315,74.99373616465877
0.037392900000045318,74.993734238884997
0.037393000000045321,74.993732313111281
0.037393100000045323,74.993730387337649
0.037393200000045326,74.993728461564061
0.037393300000045329,74.993726535790472
0.037393400000045332,74.993724610016983
0.037393500000045335,74.993722684243522
0.037393600000045338,74.993720758470133
0.037393700000045341,74.993718832696743
0.037393800000045344,74.993716906923467
0.037393900000045346,74.99371498115022
0.037394000000045349,74.993713055377029
0.037394100000045352,74.993711129603867
0.037394200000045355,74.993709203830747
0.037394300000045358,74.993707278057684
0.037394400000045361,74.993705352284678
0.037394500000045364,74.993703426511729
0.037394600000045367,74.993701500738837
0.037394700000045369,74.993699574965959
0.037394800000045372,74.993697649193166
0.037394900000045375,74.993695723420387
0.037395000000045378,74.99369379764768
0.037395100000045381,74.993691871875029
0.037395200000045384,74.993689946102421
0.037395300000045387,74.993688020329841
0.03739540000004539,74.993686094557319
0.037395500000045392,74.993684168784853
0.037395600000045395,74.993682243012472
0.037395700000045398,74.99368031724012
0.037395800000045401,74.993678391467796
0.037395900000045404,74.993676465695557
0.037396000000045407,74.993674539923319
0.03739610000004541,74.993672614151137
0.037396200000045413,74.993670688379027
0.037396300000045415,74.993668762606944
0.037396400000045418,74.993666836834933
0.037396500000045421,74.993664911062979
0.037396600000045424,74.993662985291024
0.037396700000045427,74.993661059519184
0.03739680000004543,74.993659133747371
0.037396900000045433,74.993657207975559
0.037397000000045436,74.993655282203861
0.037397100000045438,74.993653356432191
0.037397200000045441,74.993651430660563
0.037397300000045444,74.993649504888964
0.037397400000045447,74.993647579117436
0.03739750000004545,74.993645653345993
0.037397600000045453,74.993643727574565
0.037397700000045456,74.993641801803165
0.037397800000045459,74.993639876031864
0.037397900000045461,74.993637950260563
0.037398000000045464,74.993636024489319
0.037398100000045467,74.993634098718175
0.03739820000004547,74.993632172947031
0.037398300000045473,74.993630247175957
0.037398400000045476,74.993628321404913
0.037398500000045479,74.993626395633953
0.037398600000045482,74.993624469862993
0.037398700000045484,74.993622544092133
0.037398800000045487,74.993620618321273
0.03739890000004549,74.993618692550484
0.037399000000045493,74.993616766779752
0.037399100000045496,74.993614841009105
0.037399200000045499,74.993612915238458
0.037399300000045502,74.993610989467868
0.037399400000045505,74.993609063697335
0.037399500000045507,74.99360713792683
0.03739960000004551,74.993605212156382
0.037399700000045513,74.993603286386019
0.037399800000045516,74.993601360615656
0.037399900000045519,74.993599434845407
0.037400000000045522,74.99359750907513
0.037400100000045525,74.993595583304938
0.037400200000045528,74.993593657534802
0.03740030000004553,74.993591731764724
0.037400400000045533,74.993589805994674
0.037400500000045536,74.993587880224652
0.037400600000045539,74.993585954454716
0.037400700000045542,74.993584028684836
0.037400800000045545,74.993582102914999
0.037400900000045548,74.993580177145191
0.037401000000045551,74.993578251375453
0.037401100000045553,74.99357632560573
0.037401200000045556,74.993574399836092
0.037401300000045559,74.993572474066511
0.037401400000045562,74.993570548296944
0.037401500000045565,74.993568622527448
0.037401600000045568,74.993566696757995
0.037401700000045571,74.993564770988598
0.037401800000045574,74.99356284521923
0.037401900000045576,74.993560919449934
0.037402000000045579,74.993558993680708
0.037402100000045582,74.993557067911468
0.037402200000045585,74.993555142142341
0.037402300000045588,74.993553216373229
0.037402400000045591,74.993551290604188
0.037402500000045594,74.993549364835161
0.037402600000045597,74.993547439066219
0.037402700000045599,74.993545513297306
0.037402800000045602,74.99354358752845
0.037402900000045605,74.99354166175965
0.037403000000045608,74.993539735990865
0.037403100000045611,74.993537810222151
0.037403200000045614,74.993535884453507
0.037403300000045617,74.993533958684878
0.03740340000004562,74.993532032916335
0.037403500000045622,74.993530107147805
0.037403600000045625,74.993528181379361
0.037403700000045628,74.993526255610931
0.037403800000045631,74.993524329842586
0.037403900000045634,74.993522404074284
0.037404000000045637,74.99352047830601
0.03740410000004564,74.993518552537793
0.037404200000045643,74.993516626769605
0.037404300000045645,74.993514701001487
0.037404400000045648,74.993512775233427
0.037404500000045651,74.993510849465423
0.037404600000045654,74.993508923697448
0.037404700000045657,74.993506997929543
0.03740480000004566,74.993505072161653
0.037404900000045663,74.993503146393834
0.037405000000045666,74.993501220626072
0.037405100000045668,74.993499294858339
0.037405200000045671,74.993497369090676
0.037405300000045674,74.993495443323042
0.037405400000045677,74.993493517555464
0.03740550000004568,74.993491591787944
0.037405600000045683,74.993489666020466
0.037405700000045686,74.993487740253045
0.037405800000045689,74.993485814485695
0.037405900000045691,74.99348388871833
0.037406000000045694,74.99348196295108
0.037406100000045697,74.993480037183843
0.0374062000000457,74.993478111416664
0.037406300000045703,74.993476185649513
0.037406400000045706,74.993474259882447
0.037406500000045709,74.99347233411541
0.037406600000045712,74.993470408348429
0.037406700000045714,74.993468482581491
0.037406800000045717,74.99346655681461
0.03740690000004572,74.993464631047772
0.037407000000045723,74.993462705281033
0.037407100000045726,74.993460779514265
0.037407200000045729,74.993458853747569
0.037407300000045732,74.993456927980986
0.037407400000045735,74.993455002214361
0.037407500000045737,74.993453076447835
0.03740760000004574,74.993451150681324
0.037407700000045743,74.993449224914912
0.037407800000045746,74.993447299148499
0.037407900000045749,74.993445373382173
0.037408000000045752,74.993443447615874
0.037408100000045755,74.993441521849661
0.037408200000045758,74.993439596083476
0.037408300000045761,74.993437670317306
0.037408400000045763,74.993435744551263
0.037408500000045766,74.993433818785178
0.037408600000045769,74.993431893019192
0.037408700000045772,74.993429967253235
0.037408800000045775,74.993428041487391
0.037408900000045778,74.993426115721519
0.037409000000045781,74.993424189955732
0.037409100000045784,74.993422264189959
0.037409200000045786,74.993420338424272
0.037409300000045789,74.993418412658627
0.037409400000045792,74.99341648689304
0.037409500000045795,74.993414561127494
0.037409600000045798,74.993412635361949
0.037409700000045801,74.993410709596532
0.037409800000045804,74.993408783831114
0.037409900000045807,74.993406858065782
0.037410000000045809,74.99340493230045
0.037410100000045812,-49.742595510501445
0.037410200000045815,-49.744398654076136
0.037410300000045818,-49.746201106577409
0.037410400000045821,-49.748002637658104
0.037410500000045824,-49.749803247334164
0.037410600000045827,-49.751602935621605
0.03741070000004583,-49.753401702536415
0.037410800000045832,-49.755199548094566
0.037410900000045835,-49.756996472312117
0.037411000000045838,-49.758792475205098
0.037411100000045841,-49.760587556789552
0.037411200000045844,-49.76238171708156
0.037411300000045847,-49.764174956097193
0.03741140000004585,-49.765967273852546
0.037411500000045853,-49.76775867036374
0.037411600000045855,-49.769549145646877
0.037411700000045858,-49.771338699718136
0.037411800000045861,-49.773127332593667
0.037411900000045864,-49.774915044289592
0.037412000000045867,-49.77670183482217
0.03741210000004587,-49.778487704207535
0.037412200000045873,-49.780272652461932
0.037412300000045876,-49.782056679601567
0.037412400000045878,-49.783839785642719
0.037412500000045881,-49.785621970601603
0.037412600000045884,-49.787403234494533
0.037412700000045887,-49.789183577337774
0.03741280000004589,-49.790962999147617
0.037412900000045893,-49.792741499940369
0.037413000000045896,-49.794519079732382
0.037413100000045899,-49.796295738539982
0.037413200000045901,-49.79807147637954
0.037413300000045904,-49.799846293267422
0.037413400000045907,-49.801620189220017
0.03741350000004591,-49.803393164253734
0.037413600000045913,-49.805165218384985
0.037413700000045916,-49.806936351630227
0.037413800000045919,-49.808706564005881
0.037413900000045922,-49.810475855528423
0.037414000000045924,-49.812244226214325
0.037414100000045927,-49.814011676080064
0.03741420000004593,-49.815778205142131
0.037414300000045933,-49.817543813417082
0.037414400000045936,-49.819308500921444
0.037414500000045939,-49.821072267671738
0.037414600000045942,-49.822835113684562
0.037414700000045945,-49.824597038976449
0.037414800000045947,-49.826358043564035
0.03741490000004595,-49.828118127463938
0.037415000000045953,-49.829877290692728
0.037415100000045956,-49.831635533267082
0.037415200000045959,-49.833392855203591
0.037415300000045962,-49.835149256518982
0.037415400000045965,-49.836904737229922
0.037415500000045968,-49.838659297353075
0.03741560000004597,-49.840412936905189
0.037415700000045973,-49.842165655902967
0.037415800000045976,-49.843917454363144
0.037415900000045979,-49.845668332302495
0.037416000000045982,-49.847418289737746
0.037416100000045985,-49.849167326685702
0.037416200000045988,-49.850915443163153
0.037416300000045991,-49.852662639186917
0.037416400000045993,-49.854408914773828
0.037416500000045996,-49.856154269940696
0.037416600000045999,-49.857898704704397
0.037416700000046002,-49.859642219081785
0.037416800000046005,-49.861384813089735
0.037416900000046008,-49.863126486745166
0.037417000000046011,-49.864867240064982
0.037417100000046014,-49.866607073066106
0.037417200000046016,-49.868345985765487
0.037417300000046019,-49.87008397818007
0.037417400000046022,-49.871821050326865
0.037417500000046025,-49.87355720222282
0.037417600000046028,-49.87529243388493
0.037417700000046031,-49.87702674533022
0.037417800000046034,-49.878760136575735
0.037417900000046037,-49.880492607638494
0.037418000000046039,-49.882224158535564
0.037418100000046042,-49.883954789284005
0.037418200000046045,-49.885684499900897
0.037418300000046048,-49.887413290403366
0.037418400000046051,-49.889141160808528
0.037418500000046054,-49.890868111133479
0.037418600000046057,-49.892594141395413
0.03741870000004606,-49.894319251611442
0.037418800000046062,-49.896043441798767
0.037418900000046065,-49.897766711974576
0.037419000000046068,-49.899489062156078
0.037419100000046071,-49.901210492360448
0.037419200000046074,-49.902931002604944
0.037419300000046077,-49.904650592906812
0.03741940000004608,-49.906369263283338
0.037419500000046083,-49.908087013751775
0.037419600000046085,-49.90980384432941
0.037419700000046088,-49.911519755033531
0.037419800000046091,-49.91323474588151
0.037419900000046094,-49.914948816890615
0.037420000000046097,-49.916661968078209
0.0374201000000461,-49.91837419946166
0.037420200000046103,-49.92008551105836
0.037420300000046106,-49.921795902885684
0.037420400000046108,-49.923505374961067
0.037420500000046111,-49.925213927301904
0.037420600000046114,-49.926921559925624
0.037420700000046117,-49.928628272849707
0.03742080000004612,-49.930334066091596
0.037420900000046123,-49.932038939668757
0.037421000000046126,-49.933742893598676
0.037421100000046129,-49.93544592789889
0.037421200000046131,-49.937148042586919
0.037421300000046134,-49.938849237680266
0.037421400000046137,-49.940549513196515
0.03742150000004614,-49.942248869153225
0.037421600000046143,-49.943947305567967
0.037421700000046146,-49.945644822458341
0.037421800000046149,-49.947341419841955
0.037421900000046152,-49.949037097736436
0.037422000000046154,-49.950731856159429
0.037422100000046157,-49.952425695128547
0.03742220000004616,-49.954118614661489
0.037422300000046163,-49.955810614775913
0.037422400000046166,-49.957501695489526
0.037422500000046169,-49.95919185682007
0.037422600000046172,-49.960881098785215
0.037422700000046175,-49.962569421402755
0.037422800000046177,-49.964256824690416
0.03742290000004618,-49.965943308665963
0.037423000000046183,-49.967628873347174
0.037423100000046186,-49.969313518751846
0.037423200000046189,-49.970997244897809
0.037423300000046192,-49.972680051802875
0.037423400000046195,-49.974361939484879
0.037423500000046198,-49.976042907961656
0.0374236000000462,-49.977722957251117
0.037423700000046203,-49.979402087371113
0.037423800000046206,-49.981080298339556
0.037423900000046209,-49.982757590174394
0.037424000000046212,-49.984433962893505
0.037424100000046215,-49.986109416514836
0.037424200000046218,-49.987783951056358
0.037424300000046221,-49.989457566536061
0.037424400000046223,-49.991130262971872
0.037424500000046226,-49.992802040381832
0.037424600000046229,-49.994472898783961
0.037424700000046232,-49.99614283819627
0.037424800000046235,-49.997811858636801
0.037424900000046238,-49.99947996012358
0.037425000000046241,-50.001147142674732
0.037425100000046244,-50.002813406308363
0.037425200000046246,-50.004478751042527
0.037425300000046249,-50.006143176895307
0.037425400000046252,-50.007806683884887
0.037425500000046255,-50.009469272029385
0.037425600000046258,-50.011130941346977
0.037425700000046261,-50.012791691855817
0.037425800000046264,-50.014451523574117
0.037425900000046267,-50.016110436520073
0.037426000000046269,-50.017768430711875
0.037426100000046272,-50.019425506167792
0.037426200000046275,-50.021081662906035
0.037426300000046278,-50.022736900944871
0.037426400000046281,-50.024391220302583
0.037426500000046284,-50.026044620997453
0.037426600000046287,-50.027697103047792
0.03742670000004629,-50.029348666471925
0.037426800000046292,-50.030999311288177
0.037426900000046295,-50.032649037514865
0.037427000000046298,-50.034297845170371
0.037427100000046301,-50.035945734273042
0.037427200000046304,-50.037592704841316
0.037427300000046307,-50.03923875689356
0.03742740000004631,-50.040883890448221
0.037427500000046313,-50.042528105523722
0.037427600000046315,-50.044171402138502
0.037427700000046318,-50.045813780311029
0.037427800000046321,-50.047455240059769
0.037427900000046324,-50.049095781403224
0.037428000000046327,-50.050735404359905
0.03742810000004633,-50.052374108948314
0.037428200000046333,-50.054011895186996
0.037428300000046336,-50.055648763094496
0.037428400000046338,-50.057284712689388
0.037428500000046341,-50.058919743990209
0.037428600000046344,-50.06055385701557
0.037428700000046347,-50.062187051784093
0.03742880000004635,-50.063819328314395
0.037428900000046353,-50.065450686625113
0.037429000000046356,-50.06708112673487
0.037429100000046359,-50.068710648662346
0.037429200000046361,-50.070339252426209
0.037429300000046364,-50.071966938045172
0.037429400000046367,-50.073593705537938
0.03742950000004637,-50.075219554923208
0.037429600000046373,-50.076844486219755
0.037429700000046376,-50.078468499446274
0.037429800000046379,-50.080091594621557
0.037429900000046382,-50.081713771764385
0.037430000000046385,-50.083335030893572
0.037430100000046387,-50.084955372027885
0.03743020000004639,-50.086574795186159
0.037430300000046393,-50.088193300387225
0.037430400000046396,-50.089810887649946
0.037430500000046399,-50.091427556993182
0.037430600000046402,-50.09304330843581
0.037430700000046405,-50.09465814199671
0.037430800000046408,-50.096272057694819
0.03743090000004641,-50.097885055549064
0.037431000000046413,-50.09949713557836
0.037431100000046416,-50.101108297801666
0.037431200000046419,-50.102718542237959
0.037431300000046422,-50.104327868906196
0.037431400000046425,-50.105936277825357
0.037431500000046428,-50.107543769014498
0.037431600000046431,-50.109150342492619
0.037431700000046433,-50.110755998278755
0.037431800000046436,-50.112360736391977
0.037431900000046439,-50.113964556851336
0.037432000000046442,-50.115567459675901
0.037432100000046445,-50.11716944488478
0.037432200000046448,-50.118770512497086
0.037432300000046451,-50.12037066253194
0.037432400000046454,-50.121969895008462
0.037432500000046456,-50.123568209945823
0.037432600000046459,-50.125165607363186
0.037432700000046462,-50.126762087279744
0.037432800000046465,-50.128357649714687
0.037432900000046468,-50.129952294687214
0.037433000000046471,-50.131546022216547
0.037433100000046474,-50.133138832321926
0.037433200000046477,-50.134730725022621
0.037433300000046479,-50.136321700337881
0.037433400000046482,-50.137911758287011
0.037433500000046485,-50.139500898889288
0.037433600000046488,-50.14108912216404
0.037433700000046491,-50.142676428130557
0.037433800000046494,-50.144262816808222
0.037433900000046497,-50.145848288216357
0.0374340000000465,-50.147432842374371
0.037434100000046502,-50.149016479301594
0.037434200000046505,-50.150599199017456
0.037434300000046508,-50.152181001541344
0.037434400000046511,-50.15376188689271
0.037434500000046514,-50.15534185509096
0.037434600000046517,-50.156920906155577
0.03743470000004652,-50.158499040106044
0.037434800000046523,-50.16007625696183
0.037434900000046525,-50.161652556742418
0.037435000000046528,-50.163227939467333
0.037435100000046531,-50.164802405156088
0.037435200000046534,-50.166375953828215
0.037435300000046537,-50.167948585503296
0.03743540000004654,-50.169520300200908
0.037435500000046543,-50.171091097940597
0.037435600000046546,-50.172660978741973
0.037435700000046548,-50.17422994262467
0.037435800000046551,-50.175797989608299
0.037435900000046554,-50.177365119712476
0.037436000000046557,-50.178931332956886
0.03743610000004656,-50.180496629361201
0.037436200000046563,-50.182061008945084
0.037436300000046566,-50.183624471728258
0.037436400000046569,-50.185187017730421
0.037436500000046571,-50.186748646971317
0.037436600000046574,-50.188309359470665
0.037436700000046577,-50.189869155248218
0.03743680000004658,-50.191428034323749
0.037436900000046583,-50.192985996717063
0.037437000000046586,-50.194543042447918
0.037437100000046589,-50.196099171536197
0.037437200000046592,-50.197654384001659
0.037437300000046594,-50.199208679864171
0.037437400000046597,-50.200762059143585
0.0374375000000466,-50.202314521859762
0.037437600000046603,-50.203866068032617
0.037437700000046606,-50.205416697682011
0.037437800000046609,-50.206966410827881
0.037437900000046612,-50.208515207490144
0.037438000000046615,-50.210063087688759
0.037438100000046617,-50.21161005144365
0.03743820000004662,-50.21315609877481
0.037438300000046623,-50.21470122970225
0.037438400000046626,-50.216245444245921
0.037438500000046629,-50.21778874242586
0.037438600000046632,-50.219331124262062
0.037438700000046635,-50.220872589774615
0.037438800000046638,-50.222413138983548
0.03743890000004664,-50.223952771908941
0.037439000000046643,-50.225491488570889
0.037439100000046646,-50.227029288989471
0.037439200000046649,-50.228566173184831
0.037439300000046652,-50.230102141177071
0.037439400000046655,-50.231637192986334
0.037439500000046658,-50.233171328632764
0.037439600000046661,-50.234704548136548
0.037439700000046663,-50.236236851517887
0.037439800000046666,-50.237768238796946
0.037439900000046669,-50.23929870999396
0.037440000000046672,-50.240828265129167
0.037440100000046675,74.993788175764323
0.037440200000046678,74.993786249989284
0.037440300000046681,74.993784324214232
0.037440400000046684,74.993782398439265
0.037440500000046686,74.993780472664326
0.037440600000046689,74.993778546889416
0.037440700000046692,74.99377662111462
0.037440800000046695,74.993774695339823
0.037440900000046698,74.993772769565084
0.037441000000046701,74.993770843790372
0.037441100000046704,74.993768918015775
0.037441200000046707,74.993766992241177
0.037441300000046709,74.993765066466636
0.037441400000046712,74.993763140692153
0.037441500000046715,74.993761214917697
0.037441600000046718,74.993759289143313
0.037441700000046721,74.993757363368971
0.037441800000046724,74.993755437594686
0.037441900000046727,74.993753511820444
0.03744200000004673,74.993751586046244
0.037442100000046732,74.993749660272101
0.037442200000046735,74.993747734498015
0.037442300000046738,74.993745808723986
0.037442400000046741,74.993743882949985
0.037442500000046744,74.993741957176013
0.037442600000046747,74.993740031402155
0.03744270000004675,74.993738105628267
0.037442800000046753,74.993736179854494
0.037442900000046755,74.993734254080735
0.037443000000046758,74.993732328307033
0.037443100000046761,74.993730402533373
0.037443200000046764,74.99372847675977
0.037443300000046767,74.993726550986239
0.03744340000004677,74.993724625212749
0.037443500000046773,74.993722699439303
0.037443600000046776,74.993720773665871
0.037443700000046778,74.993718847892538
0.037443800000046781,74.993716922119205
0.037443900000046784,74.993714996345972
0.037444000000046787,74.993713070572795
0.03744410000004679,74.99371114479959
0.037444200000046793,74.993709219026499
0.037444300000046796,74.993707293253451
0.037444400000046799,74.993705367480459
0.037444500000046801,74.993703441707481
0.037444600000046804,74.993701515934589
0.037444700000046807,74.993699590161697
0.03744480000004681,74.99369766438889
0.037444900000046813,74.99369573861614
0.037445000000046816,74.993693812843418
0.037445100000046819,74.993691887070753
0.037445200000046822,74.993689961298145
0.037445300000046824,74.993688035525565
0.037445400000046827,74.993686109753099
0.03744550000004683,74.993684183980619
0.037445600000046833,74.99368225820821
0.037445700000046836,74.993680332435858
0.037445800000046839,74.993678406663534
0.037445900000046842,74.993676480891281
0.037446000000046845,74.993674555119028
0.037446100000046847,74.993672629346875
0.03744620000004685,74.993670703574765
0.037446300000046853,74.993668777802696
0.037446400000046856,74.993666852030657
0.037446500000046859,74.993664926258703
0.037446600000046862,74.993663000486791
0.037446700000046865,74.993661074714893
0.037446800000046868,74.993659148943095
0.03744690000004687,74.993657223171326
0.037447000000046873,74.993655297399599
0.037447100000046876,74.993653371627914
0.037447200000046879,74.993651445856301
0.037447300000046882,74.993649520084716
0.037447400000046885,74.993647594313188
0.037447500000046888,74.993645668541717
0.037447600000046891,74.993643742770274
0.037447700000046893,74.993641816998888
0.037447800000046896,74.993639891227573
0.037447900000046899,74.993637965456301
0.037448000000046902,74.993636039685114
0.037448100000046905,74.993634113913885
0.037448200000046908,74.993632188142783
