Time,Vo
0.037275200000041933,-50.004059137857858
0.037275300000041936,-50.005723613335
0.037275400000041939,-50.007387169953439
0.037275500000041942,-50.009049807731351
0.037275600000041945,-50.01071152668689
0.037275700000041948,-50.012372326838204
0.03727580000004195,-50.014032208203481
0.037275900000041953,-50.015691170800942
0.037276000000041956,-50.017349214648796
0.037276100000041959,-50.019006339765262
0.037276200000041962,-50.020662546168587
0.037276300000041965,-50.022317833877025
0.037276400000041968,-50.023972202908844
0.037276500000041971,-50.025625653282368
0.037276600000041973,-50.027278185015852
0.037276700000041976,-50.028929798127649
0.037276800000041979,-50.030580492636062
0.037276900000041982,-50.032230268559445
0.037277000000041985,-50.03387912591613
0.037277100000041988,-50.035527064724533
0.037277200000041991,-50.037174085003045
0.037277300000041994,-50.03882018677006
0.037277400000041996,-50.040465370043954
0.037277500000041999,-50.042109634843221
0.037277600000042002,-50.043752981186266
0.037277700000042005,-50.045395409091569
0.037277800000042008,-50.047036918577611
0.037277900000042011,-50.048677509662845
0.037278000000042014,-50.050317182365802
0.037278100000042017,-50.051955936704985
0.037278200000042019,-50.053593772698932
0.037278300000042022,-50.055230690366223
0.037278400000042025,-50.056866689725382
0.037278500000042028,-50.05850177079499
0.037278600000042031,-50.060135933593642
0.037278700000042034,-50.06176917813994
0.037278800000042037,-50.0634015044525
0.03727890000004204,-50.06503291254996
0.037279000000042042,-50.066663402450985
0.037279100000042045,-50.068292974174206
0.037279200000042048,-50.069921627738317
0.037279300000042051,-50.071549363161999
0.037279400000042054,-50.073176180463946
0.037279500000042057,-50.074802079662923
0.03727960000004206,-50.076427060777611
0.037279700000042063,-50.078051123826818
0.037279800000042065,-50.07967426882928
0.037279900000042068,-50.081296495803755
0.037280000000042071,-50.082917804769039
0.037280100000042074,-50.084538195743946
0.037280200000042077,-50.08615766874729
0.03728030000004208,-50.087776223797931
0.037280400000042083,-50.089393860914697
0.037280500000042086,-50.091010580116453
0.037280600000042088,-50.092626381422065
0.037280700000042091,-50.094241264850432
0.037280800000042094,-50.095855230420469
0.037280900000042097,-50.097468278151112
0.0372810000000421,-50.099080408061269
0.037281100000042103,-50.100691620169918
0.037281200000042106,-50.102301914496017
0.037281300000042109,-50.103911291058516
0.037281400000042111,-50.105519749876436
0.037281500000042114,-50.107127290968783
0.037281600000042117,-50.108733914354595
0.03728170000004212,-50.110339620052862
0.037281800000042123,-50.111944408082692
0.037281900000042126,-50.113548278463085
0.037282000000042129,-50.115151231213147
0.037282100000042132,-50.116753266352006
0.037282200000042134,-50.118354383898755
0.037282300000042137,-50.119954583872513
0.03728240000004214,-50.121553866292388
0.037282500000042143,-50.123152231177592
0.037282600000042146,-50.124749678547246
0.037282700000042149,-50.126346208420514
0.037282800000042152,-50.127941820816609
0.037282900000042155,-50.129536515754744
0.037283000000042157,-50.131130293254174
0.03728310000004216,-50.132723153334076
0.037283200000042163,-50.134315096013715
0.037283300000042166,-50.135906121312388
0.037283400000042169,-50.1374962292494
0.037283500000042172,-50.13908541984398
0.037283600000042175,-50.140673693115467
0.037283700000042178,-50.142261049083189
0.03728380000004218,-50.143847487766493
0.037283900000042183,-50.145433009184707
0.037284000000042186,-50.147017613357214
0.037284100000042189,-50.148601300303397
0.037284200000042192,-50.15018407004262
0.037284300000042195,-50.151765922594329
0.037284400000042198,-50.153346857977937
0.037284500000042201,-50.154926876212905
0.037284600000042203,-50.156505977318638
0.037284700000042206,-50.158084161314655
0.037284800000042209,-50.159661428220403
0.037284900000042212,-50.161237778055416
0.037285000000042215,-50.162813210839161
0.037285100000042218,-50.164387726591173
0.037285200000042221,-50.165961325330997
0.037285300000042224,-50.167534007078217
0.037285400000042226,-50.169105771852351
0.037285500000042229,-50.170676619672996
0.037285600000042232,-50.172246550559755
0.037285700000042235,-50.173815564532234
0.037285800000042238,-50.175383661610063
0.037285900000042241,-50.176950841812896
0.037286000000042244,-50.178517105160402
0.037286100000042247,-50.180082451672206
0.037286200000042249,-50.181646881367996
0.037286300000042252,-50.183210394267491
0.037286400000042255,-50.184772990390378
0.037286500000042258,-50.186334669756391
0.037286600000042261,-50.187895432385297
0.037286700000042264,-50.189455278296826
0.037286800000042267,-50.191014207510733
0.03728690000004227,-50.192572220046813
0.037287000000042272,-50.194129315924883
0.037287100000042275,-50.195685495164739
0.037287200000042278,-50.197240757786211
0.037287300000042281,-50.198795103809132
0.037287400000042284,-50.200348533253361
0.037287500000042287,-50.201901046138751
0.03728760000004229,-50.203452642485225
0.037287700000042293,-50.205003322312649
0.037287800000042295,-50.206553085640934
0.037287900000042298,-50.208101932490017
0.037288000000042301,-50.209649862879836
0.037288100000042304,-50.211196876830343
0.037288200000042307,-50.212742974361504
0.03728830000004231,-50.214288155493335
0.037288400000042313,-50.215832420245768
0.037288500000042316,-50.217375768638874
0.037288600000042318,-50.21891820069267
0.037288700000042321,-50.220459716427165
0.037288800000042324,-50.222000315862459
0.037288900000042327,-50.223539999018591
0.03728900000004233,-50.225078765915669
0.037289100000042333,-50.22661661657375
0.037289200000042336,-50.22815355101298
0.037289300000042339,-50.229689569253495
0.037289400000042341,-50.231224671315417
0.037289500000042344,-50.232758857218876
0.037289600000042347,-50.234292126984087
0.03728970000004235,-50.235824480631223
0.037289800000042353,-50.237355918180462
0.037289900000042356,-50.238886439652042
0.037290000000042359,-50.240416045066176
0.037290100000042362,-50.237904079368136
0.037290200000042364,-50.235392239264442
0.037290300000042367,-50.232880493352624
0.03729040000004237,-50.230368873025739
0.037290500000042373,-50.227857378277498
0.037290600000042376,-50.225346009101628
0.037290700000042379,-50.222834765491854
0.037290800000042382,-50.22032364744193
0.037290900000042385,-50.217812654945526
0.037291000000042387,-50.215301787996403
0.03729110000004239,-50.212791046588279
0.037291200000042393,-50.210280430714874
0.037291300000042396,-50.207769940369893
0.037291400000042399,-50.205259575547082
0.037291500000042402,-50.20274933624016
0.037291600000042405,-50.200239222442839
0.037291700000042408,-50.197729234148859
0.03729180000004241,-50.195219371351911
0.037291900000042413,-50.192709634045762
0.037292000000042416,-50.190200022224133
0.037292100000042419,-50.187690535880748
0.037292200000042422,-50.185181175009312
0.037292300000042425,-50.182671939603559
0.037292400000042428,-50.180162829657235
0.037292500000042431,-50.177653845164059
0.037292600000042433,-50.175144986117779
0.037292700000042436,-50.172636252512078
0.037292800000042439,-50.170127644340702
0.037292900000042442,-50.167619161597365
0.037293000000042445,-50.165110804275827
0.037293100000042448,-50.162602572369813
0.037293200000042451,-50.16009446587303
0.037293300000042454,-50.157586484779209
0.037293400000042456,-50.155078629082105
0.037293500000042459,-50.152570898775444
0.037293600000042462,-50.150063293852931
0.037293700000042465,-50.147555814308305
0.037293800000042468,-50.1450484601353
0.037293900000042471,-50.142541231327641
0.037294000000042474,-50.140034127879083
0.037294100000042477,-50.137527149783352
0.037294200000042479,-50.135020297034188
0.037294300000042482,-50.132513569625289
0.037294400000042485,-50.130006967550415
0.037294500000042488,-50.127500490803293
0.037294600000042491,-50.124994139377677
0.037294700000042494,-50.122487913267271
0.037294800000042497,-50.119981812465831
0.0372949000000425,-50.117475836967046
0.037295000000042502,-50.114969986764692
0.037295100000042505,-50.112464261852523
0.037295200000042508,-50.109958662224216
0.037295300000042511,-50.10745318787356
0.037295400000042514,-50.104947838794274
0.037295500000042517,-50.102442614980113
0.03729560000004252,-50.099937516424774
0.037295700000042523,-50.097432543121975
0.037295800000042525,-50.094927695065508
0.037295900000042528,-50.092422972249111
0.037296000000042531,-50.08991837466651
0.037296100000042534,-50.087413902311418
0.037296200000042537,-50.084909555177603
0.03729630000004254,-50.082405333258798
0.037296400000042543,-50.079901236548764
0.037296500000042546,-50.077397265041206
0.037296600000042548,-50.074893418729879
0.037296700000042551,-50.072389697608514
0.037296800000042554,-50.069886101670861
0.037296900000042557,-50.06738263091065
0.03729700000004256,-50.064879285321624
0.037297100000042563,-50.06237606489757
0.037297200000042566,-50.059872969632153
0.037297300000042569,-50.057369999519146
0.037297400000042571,-50.054867154552291
0.037297500000042574,-50.052364434725369
0.037297600000042577,-50.049861840032065
0.03729770000004258,-50.047359370466154
0.037297800000042583,-50.044857026021369
0.037297900000042586,-50.042354806691456
0.037298000000042589,-50.039852712470164
0.037298100000042592,-50.037350743351254
0.037298200000042595,-50.034848899328452
0.037298300000042597,-50.032347180395504
0.0372984000000426,-50.029845586546152
0.037298500000042603,-50.027344117774135
0.037298600000042606,-50.024842774073214
0.037298700000042609,-50.02234155543713
0.037298800000042612,-50.019840461859623
0.037298900000042615,-50.017339493334454
0.037299000000042618,-50.014838649855356
0.03729910000004262,-50.012337931416077
0.037299200000042623,-50.009837338010392
0.037299300000042626,-50.007336869632013
0.037299400000042629,-50.004836526274715
0.037299500000042632,-50.002336307932254
0.037299600000042635,-49.999836214598353
0.037299700000042638,-49.997336246266769
0.037299800000042641,-49.994836402931249
0.037299900000042643,-49.99233668458556
0.037300000000042646,-49.989837091223421
0.037300100000042649,-49.987337622838602
0.037300200000042652,-49.984838279424899
0.037300300000042655,-49.982339060976017
0.037300400000042658,-49.979839967485702
0.037300500000042661,-49.977340998947724
0.037300600000042664,-49.974842155355823
0.037300700000042666,-49.972343436703753
0.037300800000042669,-49.969844842985289
0.037300900000042672,-49.967346374194157
0.037301000000042675,-49.96484803032412
0.037301100000042678,-49.962349811368952
0.037301200000042681,-49.959851717322373
0.037301300000042684,-49.95735374817815
0.037301400000042687,-49.954855903930046
0.037301500000042689,-49.952358184571814
0.037301600000042692,-49.949860590097202
0.037301700000042695,-49.947363120499965
0.037301800000042698,-49.944865775773877
0.037301900000042701,-49.942368555912694
0.037302000000042704,-49.939871460910162
0.037302100000042707,-49.937374490760035
0.03730220000004271,-49.934877645456048
0.037302300000042712,-49.932380924991982
0.037302400000042715,-49.92988432936162
0.037302500000042718,-49.927387858558696
0.037302600000042721,-49.924891512576956
0.037302700000042724,-49.922395291410162
0.037302800000042727,-49.919899195052096
0.03730290000004273,-49.917403223496507
0.037303000000042733,-49.914907376737169
0.037303100000042735,-49.912411654767816
0.037303200000042738,-49.909916057582244
0.037303300000042741,-49.907420585174179
0.037303400000042744,-49.904925237537391
0.037303500000042747,-49.90243001466564
0.03730360000004275,-49.899934916552688
0.037303700000042753,-49.89743994319231
0.037303800000042756,-49.894945094578269
0.037303900000042758,-49.892450370704296
0.037304000000042761,-49.889955771564189
0.037304100000042764,-49.887461297151681
0.037304200000042767,-49.884966947460541
0.03730430000004277,-49.88247272248455
0.037304400000042773,-49.879978622217486
0.037304500000042776,-49.877484646653109
0.037304600000042779,-49.874990795785152
0.037304700000042781,-49.872497069607412
0.037304800000042784,-49.870003468113637
0.037304900000042787,-49.867509991297602
0.03730500000004279,-49.865016639153062
0.037305100000042793,-49.862523411673791
0.037305200000042796,-49.860030308853567
0.037305300000042799,-49.857537330686142
0.037305400000042802,-49.855044477165258
0.037305500000042804,-49.852551748284732
0.037305600000042807,-49.850059144038305
0.03730570000004281,-49.847566664419759
0.037305800000042813,-49.845074309422877
0.037305900000042816,-49.842582079041385
0.037306000000042819,-49.840089973269073
0.037306100000042822,-49.837597992099703
0.037306200000042825,-49.835106135527063
0.037306300000042827,-49.832614403544916
0.03730640000004283,-49.830122796147052
0.037306500000042833,-49.82763131332721
0.037306600000042836,-49.825139955079166
0.037306700000042839,-49.822648721396689
0.037306800000042842,-49.820157612273569
0.037306900000042845,-49.817666627703566
0.037307000000042848,-49.815175767680444
0.03730710000004285,-49.812685032197997
0.037307200000042853,-49.810194421249989
0.037307300000042856,-49.807703934830194
0.037307400000042859,-49.805213572932367
0.037307500000042862,-49.802723335550311
0.037307600000042865,-49.800233222677811
0.037307700000042868,-49.797743234308591
0.037307800000042871,-49.795253370436434
0.037307900000042873,-49.792763631055166
0.037308000000042876,-49.790274016158541
0.037308100000042879,-49.7877845257403
0.037308200000042882,-49.785295159794259
0.037308300000042885,-49.782805918314175
0.037308400000042888,-49.780316801293829
0.037308500000042891,-49.777827808726983
0.037308600000042894,-49.775338940607462
0.037308700000042896,-49.772850196929006
0.037308800000042899,-49.770361577685392
0.037308900000042902,-49.767873082870416
0.037309000000042905,-49.765384712477825
0.037309100000042908,-49.762896466501417
0.037309200000042911,-49.760408344934973
0.037309300000042914,-49.757920347772291
0.037309400000042917,-49.755432475007105
0.037309500000042919,-49.752944726633245
0.037309600000042922,-49.750457102644489
0.037309700000042925,-49.747969603034576
0.037309800000042928,-49.745482227797304
0.037309900000042931,-49.742994976926475
0.037310000000042934,-49.74050785041586
0.037310100000042937,-49.742311949327238
0.03731020000004294,-49.744115126797134
0.037310300000042942,-49.745917613195893
0.037310400000042945,-49.747719178177114
0.037310500000042948,-49.749519821756749
0.037310600000042951,-49.751319543950821
0.037310700000042954,-49.753118344775267
0.037310800000042957,-49.754916224246116
0.03731090000004296,-49.756713182379414
0.037311000000042963,-49.758509219191154
0.037311100000042965,-49.760304334697416
0.037311200000042968,-49.762098528914272
0.037311300000042971,-49.763891801857802
0.037311400000042974,-49.765684153544072
0.037311500000042977,-49.767475583989224
0.03731160000004298,-49.769266093209374
0.037311700000042983,-49.771055681220666
0.037311800000042986,-49.77284434803925
0.037311900000042988,-49.774632093681277
0.037312000000042991,-49.776418918162946
0.037312100000042994,-49.778204821500474
0.037312200000042997,-49.779989803710038
0.037312300000043,-49.781773864807889
0.037312400000043003,-49.78355700481027
0.037312500000043006,-49.78533922373343
0.037312600000043009,-49.787120521593636
0.037312700000043011,-49.788900898407192
0.037312800000043014,-49.790680354190364
0.037312900000043017,-49.792458888959487
0.03731300000004302,-49.794236502730897
0.037313100000043023,-49.796013195520928
0.037313200000043026,-49.797788967345923
0.037313300000043029,-49.799563818222246
0.037313400000043032,-49.801337748166297
0.037313500000043034,-49.803110757194538
0.037313600000043037,-49.804882845323313
0.03731370000004304,-49.806654012569076
0.037313800000043043,-49.808424258948286
0.037313900000043046,-49.810193584477389
0.037314000000043049,-49.811961989172865
0.037314100000043052,-49.81372947305119
0.037314200000043055,-49.815496036128884
0.037314300000043057,-49.817261678422462
0.03731440000004306,-49.819026399948463
0.037314500000043063,-49.820790200723415
0.037314600000043066,-49.822553080763903
0.037314700000043069,-49.82431504008651
0.037314800000043072,-49.826076078707807
0.037314900000043075,-49.827836196644405
0.037315000000043078,-49.829595393912903
0.03731510000004308,-49.831353670529978
0.037315200000043083,-49.833111026512249
0.037315300000043086,-49.834867461876364
0.037315400000043089,-49.836622976639028
0.037315500000043092,-49.838377570816945
0.037315600000043095,-49.840131244426814
0.037315700000043098,-49.841883997485347
0.037315800000043101,-49.843635830009291
0.037315900000043103,-49.845386742015378
0.037316000000043106,-49.847136733520408
0.037316100000043109,-49.848885804541126
0.037316200000043112,-49.850633955094352
0.037316300000043115,-49.85238118519689
0.037316400000043118,-49.854127494865558
0.037316500000043121,-49.855872884117204
0.037316600000043124,-49.857617352968667
0.037316700000043126,-49.859360901436816
0.037316800000043129,-49.861103529538546
0.037316900000043132,-49.862845237290735
0.037317000000043135,-49.864586024710306
0.037317100000043138,-49.866325891814192
0.037317200000043141,-49.868064838619318
0.037317300000043144,-49.86980286514266
0.037317400000043147,-49.87153997140117
0.037317500000043149,-49.873276157411858
0.037317600000043152,-49.875011423191694
0.037317700000043155,-49.876745768757701
0.037317800000043158,-49.878479194126903
0.037317900000043161,-49.880211699316327
0.037318000000043164,-49.881943284343073
0.037318100000043167,-49.883673949224175
0.03731820000004317,-49.885403693976727
0.037318300000043172,-49.88713251861784
0.037318400000043175,-49.888860423164601
0.037318500000043178,-49.890587407634165
0.037318600000043181,-49.892313472043675
0.037318700000043184,-49.894038616410256
0.037318800000043187,-49.895762840751132
0.03731890000004319,-49.897486145083477
0.037319000000043193,-49.899208529424484
0.037319100000043195,-49.900929993791358
0.037319200000043198,-49.902650538201343
0.037319300000043201,-49.904370162671675
0.037319400000043204,-49.906088867219623
0.037319500000043207,-49.907806651862423
0.03731960000004321,-49.909523516617419
0.037319700000043213,-49.911239461501907
0.037319800000043216,-49.912954486533209
0.037319900000043219,-49.914668591728628
0.037320000000043221,-49.916381777105507
0.037320100000043224,-49.918094042681204
0.037320200000043227,-49.919805388473101
0.03732030000004323,-49.921515814498626
0.037320400000043233,-49.923225320775174
0.037320500000043236,-49.924933907320145
0.037320600000043239,-49.926641574150963
0.037320700000043242,-49.928348321285078
0.037320800000043244,-49.93005414873997
0.037320900000043247,-49.931759056533117
0.03732100000004325,-49.933463044682014
0.037321100000043253,-49.935166113204161
0.037321200000043256,-49.936868262117095
0.037321300000043259,-49.938569491438329
0.037321400000043262,-49.940269801185394
0.037321500000043265,-49.941969191375897
0.037321600000043267,-49.943667662027387
0.03732170000004327,-49.945365213157466
0.037321800000043273,-49.947061844783754
0.037321900000043276,-49.948757556923837
0.037322000000043279,-49.950452349595423
0.037322100000043282,-49.95214622281609
0.037322200000043285,-49.953839176603559
0.037322300000043288,-49.955531210975479
0.03732240000004329,-49.957222325949537
0.037322500000043293,-49.958912521543468
0.037322600000043296,-49.96060179777497
0.037322700000043299,-49.962290154661787
0.037322800000043302,-49.96397759222166
0.037322900000043305,-49.965664110472375
0.037323000000043308,-49.967349709431737
0.037323100000043311,-49.96903438911751
0.037323200000043313,-49.970718149547494
0.037323300000043316,-49.972400990739537
0.037323400000043319,-49.974082912711495
0.037323500000043322,-49.975763915481167
0.037323600000043325,-49.977443999066459
0.037323700000043328,-49.979123163485248
0.037323800000043331,-49.980801408755433
0.037323900000043334,-49.982478734894926
0.037324000000043336,-49.984155141921654
0.037324100000043339,-49.985830629853552
0.037324200000043342,-49.987505198708583
0.037324300000043345,-49.989178848504714
0.037324400000043348,-49.990851579259925
0.037324500000043351,-49.99252339099224
0.037324600000043354,-49.994194283719622
0.037324700000043357,-49.99586425746012
0.037324800000043359,-49.997533312231802
0.037324900000043362,-49.999201448052688
0.037325000000043365,-50.000868664940874
0.037325100000043368,-50.002534962914424
0.037325200000043371,-50.004200341991449
0.037325300000043374,-50.005864802190082
0.037325400000043377,-50.007528343528435
0.03732550000004338,-50.009190966024661
0.037325600000043382,-50.010852669696895
0.037325700000043385,-50.012513454563319
0.037325800000043388,-50.014173320642122
0.037325900000043391,-50.015832267951517
0.037326000000043394,-50.017490296509699
0.037326100000043397,-50.019147406334895
0.0373262000000434,-50.020803597445365
0.037326300000043403,-50.022458869859364
0.037326400000043405,-50.024113223595172
0.037326500000043408,-50.025766658671081
0.037326600000043411,-50.027419175105365
0.037326700000043414,-50.029070772916342
0.037326800000043417,-50.030721452122364
0.03732690000004342,-50.032371212741751
0.037327000000043423,-50.034020054792869
0.037327100000043426,-50.0356679782941
0.037327200000043428,-50.037314983263812
0.037327300000043431,-50.038961069720472
0.037327400000043434,-50.040606237682432
0.037327500000043437,-50.042250487168154
0.03732760000004344,-50.043893818196096
0.037327700000043443,-50.045536230784684
0.037327800000043446,-50.047177724952419
0.037327900000043449,-50.04881830071777
0.037328000000043451,-50.050457958099258
0.037328100000043454,-50.052096697115388
0.037328200000043457,-50.053734517784726
0.03732830000004346,-50.055371420125788
0.037328400000043463,-50.057007404157147
0.037328500000043466,-50.058642469897379
0.037328600000043469,-50.060276617365055
0.037328700000043472,-50.061909846578786
0.037328800000043474,-50.063542157557201
0.037328900000043477,-50.065173550318931
0.03732900000004348,-50.066804024882636
0.037329100000043483,-50.068433581266937
0.037329200000043486,-50.070062219490559
0.037329300000043489,-50.071689939572188
0.037329400000043492,-50.073316741530505
0.037329500000043495,-50.07494262538426
0.037329600000043497,-50.076567591152163
0.0373297000000435,-50.078191638852964
0.037329800000043503,-50.079814768505429
0.037329900000043506,-50.081436980128352
0.037330000000043509,-50.083058273740498
0.037330100000043512,-50.084678649360697
0.037330200000043515,-50.08629810700775
0.037330300000043518,-50.087916646700499
0.03733040000004352,-50.089534268457818
0.037330500000043523,-50.091150972298536
0.037330600000043526,-50.092766758241552
0.037330700000043529,-50.094381626305747
0.037330800000043532,-50.095995576510006
0.037330900000043535,-50.09760860887333
0.037331000000043538,-50.099220723414589
0.037331100000043541,-50.100831920152771
0.037331200000043543,-50.102442199106804
0.037331300000043546,-50.10405156029568
0.037331400000043549,-50.1056600037384
0.037331500000043552,-50.107267529453971
0.037331600000043555,-50.108874137461413
0.037331700000043558,-50.110479827779756
0.037331800000043561,-50.112084600428048
0.037331900000043564,-50.11368845542534
0.037332000000043566,-50.115291392790766
0.037332100000043569,-50.116893412543384
0.037332200000043572,-50.118494514702327
0.037332300000043575,-50.120094699286696
0.037332400000043578,-50.121693966315625
0.037332500000043581,-50.123292315808264
0.037332600000043584,-50.124889747783797
0.037332700000043587,-50.126486262261402
0.037332800000043589,-50.128081859260277
0.037332900000043592,-50.129676538799607
0.037333000000043595,-50.131270300898606
0.037333100000043598,-50.132863145576572
0.037333200000043601,-50.13445507285271
0.037333300000043604,-50.136046082746304
0.037333400000043607,-50.137636175276612
0.03733350000004361,-50.139225350462965
0.037333600000043612,-50.140813608324663
0.037333700000043615,-50.14240094888104
0.037333800000043618,-50.143987372151408
0.037333900000043621,-50.145572878155122
0.037334000000043624,-50.147157466911572
0.037334100000043627,-50.148741138440123
0.03733420000004363,-50.150323892760163
0.037334300000043633,-50.151905729891119
0.037334400000043635,-50.153486649852411
0.037334500000043638,-50.155066652663471
0.037334600000043641,-50.156645738343748
0.037334700000043644,-50.158223906912738
0.037334800000043647,-50.159801158389911
0.03733490000004365,-50.161377492794763
0.037335000000043653,-50.162952910146778
0.037335100000043656,-50.16452741046551
0.037335200000043658,-50.166100993770506
0.037335300000043661,-50.167673660081306
0.037335400000043664,-50.169245409417471
0.037335500000043667,-50.170816241798612
0.03733560000004367,-50.172386157244297
0.037335700000043673,-50.173955155774138
0.037335800000043676,-50.175523237407774
0.037335900000043679,-50.177090402164829
0.037336000000043681,-50.178656650065001
0.037336100000043684,-50.180221981127922
0.037336200000043687,-50.181786395373265
0.03733630000004369,-50.183349892820758
0.037336400000043693,-50.184912473490108
0.037336500000043696,-50.186474137401042
0.037336600000043699,-50.188034884573263
0.037336700000043702,-50.189594715026566
0.037336800000043704,-50.19115362878069
0.037336900000043707,-50.192711625855445
0.03733700000004371,-50.194268706270613
0.037337100000043713,-50.195824870046003
0.037337200000043716,-50.197380117201462
0.037337300000043719,-50.19893444775682
0.037337400000043722,-50.200487861731929
0.037337500000043725,-50.202040359146643
0.037337600000043727,-50.203591940020871
0.03733770000004373,-50.205142604374501
0.037337800000043733,-50.206692352227421
0.037337900000043736,-50.208241183599618
0.037338000000043739,-50.209789098510981
0.037338100000043742,-50.211336096981491
0.037338200000043745,-50.212882179031112
0.037338300000043748,-50.214427344679834
0.03733840000004375,-50.215971593947629
0.037338500000043753,-50.217514926854513
0.037338600000043756,-50.219057343420538
0.037338700000043759,-50.220598843665719
0.037338800000043762,-50.222139427610159
0.037338900000043765,-50.223679095273894
0.037339000000043768,-50.225217846676998
0.037339100000043771,-50.22675568183957
0.037339200000043773,-50.228292600781764
0.037339300000043776,-50.22982860352365
0.037339400000043779,-50.231363690085395
0.037339500000043782,-50.232897860487185
0.037339600000043785,-50.23443111474915
0.037339700000043788,-50.235963452891468
0.037339800000043791,-50.237494874934349
0.037339900000043794,-50.239025380898035
0.037340000000043796,-50.240554970802712
0.037340100000043799,-50.238042998158598
0.037340200000043802,-50.235531151109178
0.037340300000043805,-50.233019398251898
0.037340400000043808,-50.230507770979862
0.037340500000043811,-50.227996269286841
0.037340600000043814,-50.225484893166566
0.037340700000043817,-50.222973642612722
0.037340800000043819,-50.220462517619062
0.037340900000043822,-50.217951518179298
0.037341000000043825,-50.215440644287142
0.037341100000043828,-50.212929895936341
0.037341200000043831,-50.210419273120593
0.037341300000043834,-50.207908775833637
0.037341400000043837,-50.205398404069165
0.03734150000004384,-50.202888157820944
0.037341600000043842,-50.200378037082679
0.037341700000043845,-50.197868041848075
0.037341800000043848,-50.195358172110893
0.037341900000043851,-50.192848427864874
0.037342000000043854,-50.1903388091037
0.037342100000043857,-50.187829315821098
0.03734220000004386,-50.185319948010815
0.037342300000043863,-50.182810705666562
0.037342400000043866,-50.180301588782072
0.037342500000043868,-50.177792597351086
0.037342600000043871,-50.175283731367301
0.037342700000043874,-50.172774990824479
0.037342800000043877,-50.170266375716302
0.03734290000004388,-50.167757886036519
0.037343000000043883,-50.16524952177889
0.037343100000043886,-50.162741282937127
0.037343200000043889,-50.160233169504941
0.037343300000043891,-50.157725181476096
0.037343400000043894,-50.155217318844301
0.037343500000043897,-50.152709581603283
0.0373436000000439,-50.150201969746789
0.037343700000043903,-50.147694483268531
0.037343800000043906,-50.145187122162213
0.037343900000043909,-50.142679886421618
0.037344000000043912,-50.140172776040444
0.037344100000043914,-50.137665791012438
0.037344200000043917,-50.135158931331333
0.03734430000004392,-50.132652196990868
0.037344400000043923,-50.130145587984757
0.037344500000043926,-50.127639104306752
0.037344600000043929,-50.125132745950566
0.037344700000043932,-50.12262651290996
0.037344800000043935,-50.120120405178646
0.037344900000043937,-50.117614422750364
0.03734500000004394,-50.115108565618861
0.037345100000043943,-50.112602833777871
0.037345200000043946,-50.110097227221118
0.037345300000043949,-50.107591745942344
0.037345400000043952,-50.105086389935281
0.037345500000043955,-50.102581159193655
0.037345600000043958,-50.10007605371122
0.03734570000004396,-50.097571073481717
0.037345800000043963,-50.095066218498872
0.037345900000043966,-50.092561488756431
0.037346000000043969,-50.090056884248114
0.037346100000043972,-50.087552404967674
0.037346200000043975,-50.085048050908867
0.037346300000043978,-50.082543822065418
0.037346400000043981,-50.08003971843106
0.037346500000043983,-50.077535739999547
0.037346600000043986,-50.075031886764599
0.037346700000043989,-50.072528158719955
0.037346800000043992,-50.070024555859383
0.037346900000043995,-50.067521078176604
0.037347000000043998,-50.065017725665335
0.037347100000044001,-50.062514498319331
0.037347200000044004,-50.060011396132367
0.037347300000044006,-50.057508419098156
0.037347400000044009,-50.055005567210451
0.037347500000044012,-50.052502840462999
0.037347600000044015,-50.050000238849535
0.037347700000044018,-50.047497762363811
0.037347800000044021,-50.044995410999569
0.037347900000044024,-50.042493184750526
0.037348000000044027,-50.039991083610452
0.037348100000044029,-50.03748910757308
0.037348200000044032,-50.034987256632199
0.037348300000044035,-50.032485530781514
0.037348400000044038,-50.029983930014751
0.037348500000044041,-50.027482454325693
0.037348600000044044,-50.024981103708051
0.037348700000044047,-50.022479878155593
0.03734880000004405,-50.019978777662082
0.037348900000044052,-50.017477802221265
0.037349000000044055,-50.014976951826853
0.037349100000044058,-50.012476226472636
0.037349200000044061,-50.00997562615234
0.037349300000044064,-50.007475150859676
0.037349400000044067,-50.004974800588471
0.03734950000004407,-50.002474575332407
0.037349600000044073,-49.99997447508526
0.037349700000044075,-49.997474499840784
0.037349800000044078,-49.994974649592734
0.037349900000044081,-49.99247492433485
0.037350000000044084,-49.989975324060886
0.037350100000044087,-49.987475848764561
0.03735020000004409,-49.984976498439678
0.037350300000044093,-49.982477273079972
0.037350400000044096,-49.979978172679189
0.037350500000044098,-49.977479197231091
0.037350600000044101,-49.974980346729403
0.037350700000044104,-49.972481621167894
0.037350800000044107,-49.969983020540326
0.03735090000004411,-49.96748454484046
0.037351000000044113,-49.964986194062021
0.037351100000044116,-49.962487968198793
0.037351200000044119,-49.959989867244488
0.037351300000044121,-49.957491891192873
0.037351400000044124,-49.954994040037732
0.037351500000044127,-49.952496313772819
0.03735160000004413,-49.949998712391867
0.037351700000044133,-49.94750123588863
0.037351800000044136,-49.945003884256899
0.037351900000044139,-49.942506657490405
0.037352000000044142,-49.940009555582925
0.037352100000044144,-49.937512578528185
0.037352200000044147,-49.935015726319961
0.03735230000004415,-49.932518998951984
0.037352400000044153,-49.930022396418039
0.037352500000044156,-49.9275259187119
0.037352600000044159,-49.925029565827309
0.037352700000044162,-49.922533337757983
0.037352800000044165,-49.920037234497748
0.037352900000044167,-49.91754125604033
0.03735300000004417,-49.915045402379498
0.037353100000044173,-49.912549673508991
0.037353200000044176,-49.910054069422593
0.037353300000044179,-49.907558590114064
0.037353400000044182,-49.905063235577153
0.037353500000044185,-49.902568005805634
0.037353600000044188,-49.900072900793269
0.03735370000004419,-49.897577920533813
0.037353800000044193,-49.895083065021019
0.037353900000044196,-49.892588334248643
0.037354000000044199,-49.890093728210488
0.037354100000044202,-49.88759924690028
0.037354200000044205,-49.885104890311794
0.037354300000044208,-49.882610658438793
0.037354400000044211,-49.880116551275059
0.037354500000044213,-49.877622568814353
0.037354600000044216,-49.875128711050422
0.037354700000044219,-49.872634977977022
0.037354800000044222,-49.870141369587976
0.037354900000044225,-49.867647885877005
0.037355000000044228,-49.865154526837863
0.037355100000044231,-49.862661292464352
0.037355200000044234,-49.860168182750222
0.037355300000044236,-49.857675197689225
0.037355400000044239,-49.855182337275139
0.037355500000044242,-49.852689601501737
0.037355600000044245,-49.850196990362775
0.037355700000044248,-49.84770450385205
0.037355800000044251,-49.845212141963295
0.037355900000044254,-49.842719904690306
0.037356000000044257,-49.840227792026838
0.037356100000044259,-49.83773580396668
0.037356200000044262,-49.835243940503588
0.037356300000044265,-49.83275220163133
0.037356400000044268,-49.830260587343659
0.037356500000044271,-49.827769097634388
0.037356600000044274,-49.825277732497248
0.037356700000044277,-49.822786491926031
0.03735680000004428,-49.820295375914498
0.037356900000044282,-49.817804384456437
0.037357000000044285,-49.815313517545611
0.037357100000044288,-49.812822775175796
0.037357200000044291,-49.810332157340767
0.037357300000044294,-49.807841664034299
0.037357400000044297,-49.805351295250148
0.0373575000000443,-49.802861050982081
0.037357600000044303,-49.800370931223924
0.037357700000044305,-49.797880935969424
0.037357800000044308,-49.79539106521235
0.037357900000044311,-49.79290131894647
0.037358000000044314,-49.790411697165567
0.037358100000044317,-49.787922199863416
0.03735820000004432,-49.785432827033794
0.037358300000044323,-49.782943578670491
0.037358400000044326,-49.780454454767266
0.037358500000044328,-49.777965455317897
0.037358600000044331,-49.775476580316159
0.037358700000044334,-49.772987829755849
0.037358800000044337,-49.77049920363072
0.03735890000004434,-49.768010701934578
0.037359000000044343,-49.765522324661191
0.037359100000044346,-49.763034071804334
0.037359200000044349,-49.760545943357769
0.037359300000044351,-49.758057939315307
0.037359400000044354,-49.755570059670703
0.037359500000044357,-49.753082304417745
0.03735960000004436,-49.750594673550189
0.037359700000044363,-49.74810716706186
0.037359800000044366,-49.745619784946534
0.037359900000044369,-49.743132527197957
0.037360000000044372,-49.74064539380997
0.037360100000044374,-49.742449477279138
0.037360200000044377,-49.744252639305301
0.03736030000004438,-49.746055110259164
0.037360400000044383,-49.747856659793989
0.037360500000044386,-49.749657287925722
0.037360600000044389,-49.75145699467032
0.037360700000044392,-49.753255780043801
0.037360800000044395,-49.75505364406218
0.037360900000044397,-49.756850586741457
0.0373610000000444,-49.758646608097671
0.037361100000044403,-49.760441708146885
0.037361200000044406,-49.76223588690516
0.037361300000044409,-49.76402914438858
0.037361400000044412,-49.765821480613219
0.037361500000044415,-49.767612895595235
0.037361600000044418,-49.769403389350728
0.03736170000004442,-49.771192961895814
0.037361800000044423,-49.772981613246699
0.037361900000044426,-49.774769343419507
0.037362000000044429,-49.776556152430409
0.037362100000044432,-49.778342040295662
0.037362200000044435,-49.780127007031446
0.037362300000044438,-49.781911052653967
0.037362400000044441,-49.783694177179505
0.037362500000044443,-49.785476380624324
0.037362600000044446,-49.787257663004652
0.037362700000044449,-49.78903802433679
0.037362800000044452,-49.790817464637058
0.037362900000044455,-49.79259598392175
0.037363000000044458,-49.794373582207221
0.037363100000044461,-49.796150259509766
0.037363200000044464,-49.797926015845796
0.037363300000044466,-49.79970085123167
0.037363400000044469,-49.801474765683743
0.037363500000044472,-49.803247759218479
0.037363600000044475,-49.805019831852249
0.037363700000044478,-49.806790983601473
0.037363800000044481,-49.808561214482637
0.037363900000044484,-49.81033052451216
0.037364000000044487,-49.812098913706535
0.03736410000004449,-49.81386638208226
0.037364200000044492,-49.815632929655834
0.037364300000044495,-49.817398556443813
0.037364400000044498,-49.819163262462666
0.037364500000044501,-49.820927047728993
0.037364600000044504,-49.822689912259314
0.037364700000044507,-49.82445185607024
0.03736480000004451,-49.826212879178335
0.037364900000044513,-49.827972981600226
0.037365000000044515,-49.829732163352503
0.037365100000044518,-49.83149042445185
0.037365200000044521,-49.833247764914887
0.037365300000044524,-49.835004184758269
0.037365400000044527,-49.8367596839987
0.03736550000004453,-49.838514262652879
0.037365600000044533,-49.840267920737482
0.037365700000044536,-49.842020658269242
0.037365800000044538,-49.843772475264906
0.037365900000044541,-49.84552337174123
0.037366000000044544,-49.847273347714975
0.037366100000044547,-49.849022403202909
0.03736620000004455,-49.850770538221845
0.037366300000044553,-49.852517752788593
0.037366400000044556,-49.854264046919951
0.037366500000044559,-49.856009420632773
0.037366600000044561,-49.857753873943913
0.037366700000044564,-49.85949740687024
0.037366800000044567,-49.861240019428628
0.03736690000004457,-49.862981711635989
0.037367000000044573,-49.86472248350924
0.037367100000044576,-49.866462335065272
0.037367200000044579,-49.868201266321073
0.037367300000044582,-49.869939277293589
0.037367400000044584,-49.871676367999775
0.037367500000044587,-49.873412538456598
0.03736760000004459,-49.875147788681083
0.037367700000044593,-49.876882118690233
0.037367800000044596,-49.878615528501072
0.037367900000044599,-49.880348018130661
0.037368000000044602,-49.882079587596039
0.037368100000044605,-49.8838102369143
0.037368200000044607,-49.88553996610252
0.03736830000004461,-49.887268775177759
0.037368400000044613,-49.888996664157169
0.037368500000044616,-49.890723633057881
0.037368600000044619,-49.892449681897048
0.037368700000044622,-49.894174810691801
0.037368800000044625,-49.895899019459314
0.037368900000044628,-49.897622308216803
0.03736900000004463,-49.899344676981443
0.037369100000044633,-49.901066125770484
0.037369200000044636,-49.902786654601123
0.037369300000044639,-49.904506263490639
0.037369400000044642,-49.906224952456284
0.037369500000044645,-49.907942721515298
0.037369600000044648,-49.909659570685001
0.037369700000044651,-49.91137549998269
0.037369800000044653,-49.913090509425672
0.037369900000044656,-49.914804599031307
0.037370000000044659,-49.916517768816888
0.037370100000044662,-49.918230018799804
0.037370200000044665,-49.919941348997462
0.037370300000044668,-49.921651759427192
0.037370400000044671,-49.923361250106474
0.037370500000044674,-49.925069821052716
0.037370600000044676,-49.926777472283291
0.037370700000044679,-49.928484203815714
0.037370800000044682,-49.930190015667414
0.037370900000044685,-49.931894907855856
0.037371000000044688,-49.93359888039857
0.037371100000044691,-49.935301933313021
0.037371200000044694,-49.937004066616772
0.037371300000044697,-49.938705280327355
0.037371400000044699,-49.940405574462289
0.037371500000044702,-49.942104949039141
0.037371600000044705,-49.943803404075524
0.037371700000044708,-49.945500939589017
0.037371800000044711,-49.947197555597192
0.037371900000044714,-49.948893252117706
0.037372000000044717,-49.950588029168216
0.03737210000004472,-49.952281886766336
0.037372200000044722,-49.953974824929745
0.037372300000044725,-49.95566684367612
0.037372400000044728,-49.957357943023155
0.037372500000044731,-49.95904812298857
0.037372600000044734,-49.960737383590086
0.037372700000044737,-49.962425724845438
0.03737280000004474,-49.964113146772355
0.037372900000044743,-49.965799649388643
0.037373000000044745,-49.967485232712093
0.037373100000044748,-49.969169896760476
0.037373200000044751,-49.970853641551592
0.037373300000044754,-49.972536467103289
0.037373400000044757,-49.974218373433381
0.03737350000004476,-49.975899360559723
0.037373600000044763,-49.977579428500199
0.037373700000044766,-49.979258577272695
0.037373800000044768,-49.980936806895095
0.037373900000044771,-49.982614117385317
0.037374000000044774,-49.984290508761305
0.037374100000044777,-49.985965981041005
0.03737420000004478,-49.987640534242338
0.037374300000044783,-49.989314168383274
0.037374400000044786,-49.990986883481831
0.037374500000044789,-49.992658679556008
0.037374600000044791,-49.994329556623789
0.037374700000044794,-49.995999514703229
0.037374800000044797,-49.99766855381236
0.0373749000000448,-49.999336673969211
0.037375000000044803,-50.001003875191898
0.037375100000044806,-50.002670157498478
0.037375200000044809,-50.00433552090707
0.037375300000044812,-50.005999965435777
0.037375400000044814,-50.007663491102697
0.037375500000044817,-50.009326097926028
0.03737560000004482,-50.010987785923895
0.037375700000044823,-50.012648555114474
0.037375800000044826,-50.014308405515955
0.037375900000044829,-50.015967337146542
0.037376000000044832,-50.01762535002446
0.037376100000044835,-50.019282444167906
0.037376200000044837,-50.020938619595171
0.03737630000004484,-50.0225938763245
0.037376400000044843,-50.024248214374154
0.037376500000044846,-50.025901633762395
0.037376600000044849,-50.027554134507547
0.037376700000044852,-50.029205716627949
0.037376800000044855,-50.030856380141934
0.037376900000044858,-50.032506125067819
0.03737700000004486,-50.034154951423986
0.037377100000044863,-50.035802859228788
0.037377200000044866,-50.0374498485006
0.037377300000044869,-50.039095919257882
0.037377400000044872,-50.040741071518994
0.037377500000044875,-50.042385305302403
0.037377600000044878,-50.04402862062652
0.037377700000044881,-50.045671017509839
0.037377800000044883,-50.04731249597085
0.037377900000044886,-50.048953056028004
0.037378000000044889,-50.050592697699827
0.037378100000044892,-50.052231421004834
0.037378200000044895,-50.05386922596157
0.037378300000044898,-50.055506112588567
0.037378400000044901,-50.057142080904384
0.037378500000044904,-50.058777130927602
0.037378600000044906,-50.060411262676801
0.037378700000044909,-50.062044476170627
0.037378800000044912,-50.063676771427666
0.037378900000044915,-50.065308148466549
0.037379000000044918,-50.06693860730595
0.037379100000044921,-50.068568147964505
0.037379200000044924,-50.07019677046091
0.037379300000044927,-50.071824474813837
0.037379400000044929,-50.073451261042003
0.037379500000044932,-50.075077129164171
0.037379600000044935,-50.076702079198995
0.037379700000044938,-50.078326111165246
0.037379800000044941,-50.079949225081734
0.037379900000044944,-50.081571420967187
0.037380000000044947,-50.083192698840435
0.03738010000004495,-50.084813058720265
0.037380200000044952,-50.08643250062547
0.037380300000044955,-50.088051024574945
0.037380400000044958,-50.089668630587511
0.037380500000044961,-50.091285318682026
0.037380600000044964,-50.092901088877383
0.037380700000044967,-50.094515941192455
0.03738080000004497,-50.096129875646135
0.037380900000044973,-50.097742892257401
0.037381000000044975,-50.099354991045153
0.037381100000044978,-50.100966172028372
0.037381200000044981,-50.102576435225977
0.037381300000044984,-50.104185780656955
0.037381400000044987,-50.105794208340349
0.03738150000004499,-50.107401718295137
0.037381600000044993,-50.109008310540347
0.037381700000044996,-50.110613985095007
0.037381800000044998,-50.112218741978154
0.037381900000045001,-50.113822581208886
0.037382000000045004,-50.115425502806268
0.037382100000045007,-50.117027506789398
0.03738220000004501,-50.118628593177384
0.037382300000045013,-50.12022876198936
0.037382400000045016,-50.121828013244446
0.037382500000045019,-50.123426346961779
0.037382600000045021,-50.12502376316057
0.037382700000045024,-50.126620261859976
0.037382800000045027,-50.128215843079211
0.03738290000004503,-50.12981050683743
0.037383000000045033,-50.131404253153896
0.037383100000045036,-50.132997082047858
0.037383200000045039,-50.13458899353855
0.037383300000045042,-50.136179987645228
0.037383400000045044,-50.137770064387219
0.037383500000045047,-50.139359223783792
0.03738360000004505,-50.140947465854246
0.037383700000045053,-50.14253479061793
0.037383800000045056,-50.144121198094155
0.037383900000045059,-50.14570668830229
0.037384000000045062,-50.147291261261699
0.037384100000045065,-50.148874916991765
0.037384200000045067,-50.150457655511914
0.03738430000004507,-50.15203947684148
0.037384400000045073,-50.153620380999968
0.037384500000045076,-50.155200368006767
0.037384600000045079,-50.156779437881376
0.037384700000045082,-50.158357590643227
0.037384800000045085,-50.159934826311812
0.037384900000045088,-50.16151114490664
0.03738500000004509,-50.163086546447204
0.037385100000045093,-50.164661030953042
0.037385200000045096,-50.166234598443694
0.037385300000045099,-50.167807248938693
0.037385400000045102,-50.16937898245763
0.037385500000045105,-50.170949799020079
0.037385600000045108,-50.172519698645658
0.037385700000045111,-50.174088681353965
0.037385800000045114,-50.175656747164602
0.037385900000045116,-50.17722389609721
0.037386000000045119,-50.178790128171485
0.037386100000045122,-50.180355443407066
0.037386200000045125,-50.181919841823671
0.037386300000045128,-50.18348332344096
0.037386400000045131,-50.185045888278644
0.037386500000045134,-50.186607536356483
0.037386600000045137,-50.188168267694174
0.037386700000045139,-50.189728082311504
0.037386800000045142,-50.191286980228234
0.037386900000045145,-50.192844961464154
0.037387000000045148,-50.194402026039022
0.037387100000045151,-50.19595817397272
0.037387200000045154,-50.197513405285044
0.037387300000045157,-50.199067719995824
0.03738740000004516,-50.200621118124936
0.037387500000045162,-50.202173599692202
0.037387600000045165,-50.203725164717561
0.037387700000045168,-50.205275813220887
0.037387800000045171,-50.206825545222088
0.037387900000045174,-50.208374360741118
0.037388000000045177,-50.209922259797864
0.03738810000004518,-50.211469242412306
0.037388200000045183,-50.213015308604412
0.037388300000045185,-50.214560458394196
0.037388400000045188,-50.216104691801668
0.037388500000045191,-50.21764800884678
0.037388600000045194,-50.219190409549626
0.037388700000045197,-50.220731893930214
0.0373888000000452,-50.222272462008576
0.037388900000045203,-50.223812113804797
0.037389000000045206,-50.225350849338987
0.037389100000045208,-50.22688866863124
0.037389200000045211,-50.228425571701671
0.037389300000045214,-50.229961558570359
0.037389400000045217,-50.231496629257485
0.03738950000004522,-50.233030783783214
0.037389600000045223,-50.234564022167682
0.037389700000045226,-50.236096344431097
0.037389800000045229,-50.237627750593653
0.037389900000045231,-50.239158240675565
0.037390000000045234,-50.240687814697075
0.037390100000045237,-50.238175835410971
0.03739020000004524,-50.235663981719917
0.037390300000045243,-50.233152222221193
0.037390400000045246,-50.230640588308091
0.037390500000045249,-50.22812907997433
0.037390600000045252,-50.225617697213657
0.037390700000045254,-50.223106440019755
0.037390800000045257,-50.220595308386343
0.03739090000004526,-50.218084302307162
0.037391000000045263,-50.215573421775943
0.037391100000045266,-50.213062666786364
0.037391200000045269,-50.210552037332192
0.037391300000045272,-50.208041533407147
0.037391400000045275,-50.205531155004941
0.037391500000045277,-50.203020902119285
0.03739160000004528,-50.200510774743947
0.037391700000045283,-50.198000772872597
0.037391800000045286,-50.195490896498988
0.037391900000045289,-50.192981145616848
0.037392000000045292,-50.190471520219887
0.037392100000045295,-50.187962020301853
0.037392200000045298,-50.185452645856451
0.0373923000000453,-50.182943396877434
0.037392400000045303,-50.180434273358507
0.037392500000045306,-50.17792527529339
0.037392600000045309,-50.175416402675822
0.037392700000045312,-50.172907655499529
0.037392800000045315,-50.170399033758279
0.037392900000045318,-50.16789053744575
0.037393000000045321,-50.165382166555666
0.037393100000045323,-50.16287392108179
0.037393200000045326,-50.160365801017818
0.037393300000045329,-50.157857806357484
0.037393400000045332,-50.155349937094549
0.037393500000045335,-50.152842193222725
0.037393600000045338,-50.150334574735737
0.037393700000045341,-50.147827081627334
0.037393800000045344,-50.145319713891254
0.037393900000045346,-50.142812471521189
0.037394000000045349,-50.140305354510865
0.037394100000045352,-50.137798362854056
0.037394200000045355,-50.135291496544461
0.037394300000045358,-50.132784755575869
0.037394400000045361,-50.130278139941957
0.037394500000045364,-50.127771649636493
0.037394600000045367,-50.125265284653182
0.037394700000045369,-50.12275904498577
0.037394800000045372,-50.120252930627991
0.037394900000045375,-50.117746941573571
0.037395000000045378,-50.115241077816243
0.037395100000045381,-50.11273533934974
0.037395200000045384,-50.110229726167823
0.037395300000045387,-50.107724238264225
0.03739540000004539,-50.105218875632666
0.037395500000045392,-50.102713638266891
0.037395600000045395,-50.100208526160621
0.037395700000045398,-50.097703539307616
0.037395800000045401,-50.095198677701603
0.037395900000045404,-50.092693941336321
0.037396000000045407,-50.090189330205519
0.03739610000004541,-50.087684844302913
0.037396200000045413,-50.085180483622267
0.037396300000045415,-50.082676248157291
0.037396400000045418,-50.080172137901748
0.037396500000045421,-50.077668152849377
0.037396600000045424,-50.075164292993918
0.037396700000045427,-50.072660558329105
0.03739680000004543,-50.070156948848648
0.037396900000045433,-50.067653464546304
0.037397000000045436,-50.065150105415832
0.037397100000045438,-50.062646871450958
0.037397200000045441,-50.060143762645446
0.037397300000045444,-50.057640778993026
0.037397400000045447,-50.055137920487461
0.03739750000004545,-50.052635187122476
0.037397600000045453,-50.050132578891791
0.037397700000045456,-50.047630095789188
0.037397800000045459,-50.0451277378084
0.037397900000045461,-50.04262550494316
0.037398000000045464,-50.040123397187223
0.037398100000045467,-50.037621414534328
0.03739820000004547,-50.035119556978188
0.037398300000045473,-50.032617824512592
0.037398400000045476,-50.030116217131258
0.037398500000045479,-50.027614734827957
0.037398600000045482,-50.025113377596412
0.037398700000045484,-50.022612145430408
0.037398800000045487,-50.020111038323648
0.03739890000004549,-50.017610056269902
0.037399000000045493,-50.015109199262916
0.037399100000045496,-50.012608467296459
0.037399200000045499,-50.010107860364229
0.037399300000045502,-50.007607378460008
0.037399400000045505,-50.00510702157753
0.037399500000045507,-50.002606789710548
0.03739960000004551,-50.000106682852831
0.037399700000045513,-49.997606700998105
0.037399800000045516,-49.995106844140118
0.037399900000045519,-49.992607112272623
0.037400000000045522,-49.990107505389375
0.037400100000045525,-49.987608023484142
0.037400200000045528,-49.985108666550659
0.03740030000004553,-49.982609434582663
0.037400400000045533,-49.980110327573932
0.037400500000045536,-49.977611345518206
0.037400600000045539,-49.975112488409252
0.037400700000045542,-49.972613756240783
0.037400800000045545,-49.970115149006588
0.037400900000045548,-49.967616666700408
0.037401000000045551,-49.965118309316004
0.037401100000045553,-49.962620076847131
0.037401200000045556,-49.960121969287535
0.037401300000045559,-49.957623986630956
0.037401400000045562,-49.955126128871171
0.037401500000045565,-49.952628396001941
0.037401600000045568,-49.950130788017013
0.037401700000045571,-49.947633304910163
0.037401800000045574,-49.945135946675101
0.037401900000045576,-49.942638713305641
0.037402000000045579,-49.940141604795492
0.037402100000045582,-49.937644621138418
0.037402200000045585,-49.935147762328185
0.037402300000045588,-49.932651028358535
0.037402400000045591,-49.930154419223243
0.037402500000045594,-49.927657934916056
0.037402600000045597,-49.925161575430771
0.037402700000045599,-49.922665340761093
0.037402800000045602,-49.920169230900818
0.037402900000045605,-49.917673245843709
0.037403000000045608,-49.915177385583497
0.037403100000045611,-49.912681650113967
0.037403200000045614,-49.910186039428865
0.037403300000045617,-49.907690553521952
0.03740340000004562,-49.905195192387019
0.037403500000045622,-49.902699956017784
0.037403600000045625,-49.90020484440803
0.037403700000045628,-49.897709857551504
0.037403800000045631,-49.895214995441975
0.037403900000045634,-49.892720258073211
0.037404000000045637,-49.890225645438981
0.03740410000004564,-49.887731157533032
0.037404200000045643,-49.885236794349147
0.037404300000045645,-49.882742555881094
0.037404400000045648,-49.880248442122621
0.037404500000045651,-49.877754453067482
0.037404600000045654,-49.875260588709459
0.037404700000045657,-49.872766849042328
0.03740480000004566,-49.870273234059852
0.037404900000045663,-49.867779743755769
0.037405000000045666,-49.865286378123869
0.037405100000045668,-49.862793137157908
0.037405200000045671,-49.86030002085166
0.037405300000045674,-49.857807029198867
0.037405400000045677,-49.855314162193324
0.03740550000004568,-49.852821419828786
0.037405600000045683,-49.850328802099042
0.037405700000045686,-49.847836308997856
0.037405800000045689,-49.845343940518987
0.037405900000045691,-49.842851696656176
0.037406000000045694,-49.840359577403262
0.037406100000045697,-49.837867582753951
0.0374062000000457,-49.835375712702046
0.037406300000045703,-49.832883967241315
0.037406400000045706,-49.830392346365528
0.037406500000045709,-49.827900850068424
0.037406600000045712,-49.825409478343794
0.037406700000045714,-49.822918231185412
0.037406800000045717,-49.820427108587062
0.03740690000004572,-49.817936110542512
0.037407000000045723,-49.815445237045516
0.037407100000045726,-49.812954488089851
0.037407200000045729,-49.810463863669291
0.037407300000045732,-49.807973363777627
0.037407400000045735,-49.80548298840862
0.037407500000045737,-49.802992737556046
0.03740760000004574,-49.800502611213673
0.037407700000045743,-49.798012609375284
0.037407800000045746,-49.795522732034655
0.037407900000045749,-49.793032979185547
0.037408000000045752,-49.790543350821764
0.037408100000045755,-49.788053846937061
0.037408200000045758,-49.785564467525191
0.037408300000045761,-49.783075212579973
0.037408400000045763,-49.780586082095169
0.037408500000045766,-49.77809707606454
0.037408600000045769,-49.775608194481919
0.037408700000045772,-49.773119437341023
0.037408800000045775,-49.770630804635672
0.037408900000045778,-49.768142296359571
0.037409000000045781,-49.765653912506572
0.037409100000045784,-49.763165653070445
0.037409200000045786,-49.760677518044943
0.037409300000045789,-49.758189507423843
0.037409400000045792,-49.755701621200956
0.037409500000045795,-49.753213859370014
0.037409600000045798,-49.75072622192485
0.037409700000045801,-49.748238708859247
0.037409800000045804,-49.745751320166953
0.037409900000045807,-49.74326405584177
0.037410000000045809,-49.740776915877454
0.037410100000045812,-49.742580983527795
0.037410200000045815,-49.744384129733739
0.037410300000045818,-49.746186584866344
0.037410400000045821,-49.74798811857849
0.037410500000045824,-49.749788730886124
0.037410600000045827,-49.751588421805216
0.03741070000004583,-49.75338719135182
0.037410800000045832,-49.755185039541871
0.037410900000045835,-49.756981966391415
0.037411000000045838,-49.758777971916508
0.037411100000045841,-49.760573056133197
0.037411200000045844,-49.762367219057545
0.037411300000045847,-49.764160460705618
0.03741140000004585,-49.765952781093532
0.037411500000045853,-49.767744180237386
0.037411600000045855,-49.769534658153319
0.037411700000045858,-49.771324214857465
0.037411800000045861,-49.773112850365983
0.037411900000045864,-49.774900564695045
0.037412000000045867,-49.776687357860823
0.03741210000004587,-49.77847322987953
0.037412200000045873,-49.780258180767369
0.037412300000045876,-49.782042210540546
0.037412400000045878,-49.78382531921536
0.037412500000045881,-49.78560750680802
0.037412600000045884,-49.787388773334825
0.037412700000045887,-49.789169118812062
0.03741280000004589,-49.790948543255993
0.037412900000045893,-49.79272704668297
0.037413000000045896,-49.794504629109298
0.037413100000045899,-49.796281290551327
0.037413200000045901,-49.798057031025444
0.037413300000045904,-49.799831850547982
0.037413400000045907,-49.801605749135334
0.03741350000004591,-49.803378726803913
0.037413600000045913,-49.805150783570156
0.037413700000045916,-49.806921919450495
0.037413800000045919,-49.808692134461339
0.037413900000045922,-49.810461428619178
0.037414000000045924,-49.812229801940497
0.037414100000045927,-49.813997254441759
0.03741420000004593,-49.815763786139463
0.037414300000045933,-49.817529397050158
0.037414400000045936,-49.819294087190386
0.037414500000045939,-49.82105785657663
0.037414600000045942,-49.822820705225524
0.037414700000045945,-49.824582633153597
0.037414800000045947,-49.82634364037748
0.03741490000004595,-49.82810372691376
0.037415000000045953,-49.829862892779062
0.037415100000045956,-49.831621137990034
0.037415200000045959,-49.833378462563275
0.037415300000045962,-49.835134866515489
0.037415400000045965,-49.83689034986336
0.037415500000045968,-49.838644912623579
0.03741560000004597,-49.84039855481285
0.037415700000045973,-49.842151276447893
0.037415800000045976,-49.843903077545455
0.037415900000045979,-49.84565395812227
0.037416000000045982,-49.847403918195127
0.037416100000045985,-49.849152957780788
0.037416200000045988,-49.850901076896051
0.037416300000045991,-49.852648275557733
0.037416400000045993,-49.854394553782654
0.037416500000045996,-49.856139911587675
0.037416600000045999,-49.857884348989607
0.037416700000046002,-49.859627866005347
0.037416800000046005,-49.861370462651763
0.037416900000046008,-49.863112138945752
0.037417000000046011,-49.864852894904246
0.037417100000046014,-49.866592730544163
0.037417200000046016,-49.868331645882421
0.037417300000046019,-49.870069640936016
0.037417400000046022,-49.871806715721902
0.037417500000046025,-49.873542870257076
0.037417600000046028,-49.875278104558504
0.037417700000046031,-49.877012418643226
0.037417800000046034,-49.878745812528265
0.037417900000046037,-49.880478286230677
0.037418000000046039,-49.882209839767484
0.037418100000046042,-49.883940473155789
0.037418200000046045,-49.885670186412646
0.037418300000046048,-49.887398979555186
0.037418400000046051,-49.889126852600519
0.037418500000046054,-49.890853805565747
0.037418600000046057,-49.89257983846808
0.03741870000004606,-49.894304951324621
0.037418800000046062,-49.896029144152543
0.037418900000046065,-49.89775241696907
0.037419000000046068,-49.899474769791375
0.037419100000046071,-49.901196202636683
0.037419200000046074,-49.90291671552221
0.037419300000046077,-49.904636308465228
0.03741940000004608,-49.906354981482984
0.037419500000046083,-49.908072734592771
0.037419600000046085,-49.909789567811863
0.037419700000046088,-49.911505481157569
0.037419800000046091,-49.913220474647197
0.037419900000046094,-49.914934548298106
0.037420000000046097,-49.916647702127584
0.0374201000000461,-49.918359936153017
0.037420200000046103,-49.920071250391828
0.037420300000046106,-49.921781644861362
0.037420400000046108,-49.92349111957904
0.037420500000046111,-49.925199674562286
0.037420600000046114,-49.926907309828536
0.037420700000046117,-49.928614025395248
0.03742080000004612,-49.930319821279873
0.037420900000046123,-49.93202469749987
0.037421000000046126,-49.933728654072752
0.037421100000046129,-49.935431691016007
0.037421200000046131,-49.937133808347184
0.037421300000046134,-49.938835006083806
0.037421400000046137,-49.940535284243424
0.03742150000004614,-49.942234642843601
0.037421600000046143,-49.943933081901932
0.037421700000046146,-49.945630601435987
0.037421800000046149,-49.947327201463402
0.037421900000046152,-49.949022882001771
0.037422000000046154,-49.950717643068764
0.037422100000046157,-49.952411484681996
0.03742220000004616,-49.954104406859152
0.037422300000046163,-49.955796409617903
0.037422400000046166,-49.957487492975936
0.037422500000046169,-49.959177656950999
0.037422600000046172,-49.960866901560784
0.037422700000046175,-49.962555226823056
0.037422800000046177,-49.964242632755564
0.03742290000004618,-49.965929119376057
0.037423000000046183,-49.967614686702326
0.037423100000046186,-49.969299334752158
0.037423200000046189,-49.970983063543379
0.037423300000046192,-49.97266587309381
0.037423400000046195,-49.974347763421292
0.037423500000046198,-49.976028734543654
0.0374236000000462,-49.977708786478786
0.037423700000046203,-49.979387919244573
0.037423800000046206,-49.981066132858913
0.037423900000046209,-49.982743427339734
0.037424000000046212,-49.984419802704942
0.037424100000046215,-49.986095258972476
0.037424200000046218,-49.987769796160293
0.037424300000046221,-49.989443414286413
0.037424400000046223,-49.991116113368754
0.037424500000046226,-49.992787893425337
0.037424600000046229,-49.994458754474181
0.037424700000046232,-49.996128696533304
0.037424800000046235,-49.997797719620785
0.037424900000046238,-49.999465823754612
0.037425000000046241,-50.001133008952898
0.037425100000046244,-50.002799275233755
0.037425200000046246,-50.004464622615259
0.037425300000046249,-50.006129051115515
0.037425400000046252,-50.007792560752641
0.037425500000046255,-50.009455151544799
0.037425600000046258,-50.011116823510157
0.037425700000046261,-50.012777576666856
0.037425800000046264,-50.014437411033136
0.037425900000046267,-50.016096326627157
0.037426000000046269,-50.01775432346713
0.037426100000046272,-50.019411401571325
0.037426200000046275,-50.02106756095796
0.037426300000046278,-50.02272280164528
0.037426400000046281,-50.024377123651583
0.037426500000046284,-50.026030526995143
0.037426600000046287,-50.027683011694286
0.03742670000004629,-50.029334577767315
0.037426800000046292,-50.030985225232563
0.037426900000046295,-50.032634954108367
0.037427000000046298,-50.034283764413075
0.037427100000046301,-50.035931656165062
0.037427200000046304,-50.037578629382729
0.037427300000046307,-50.039224684084509
0.03742740000004631,-50.040869820288783
0.037427500000046313,-50.042514038014012
0.037427600000046315,-50.044157337278619
0.037427700000046318,-50.045799718101065
0.037427800000046321,-50.047441180499845
0.037427900000046324,-50.049081724493419
0.037428000000046327,-50.050721350100339
0.03742810000004633,-50.052360057339087
0.037428200000046333,-50.053997846228199
0.037428300000046336,-50.055634716786244
0.037428400000046338,-50.057270669031759
0.037428500000046341,-50.058905702983353
0.037428600000046344,-50.060539818659549
0.037428700000046347,-50.062173016079015
0.03742880000004635,-50.063805295260373
0.037428900000046353,-50.065436656222232
0.037429000000046356,-50.067067098983259
0.037429100000046359,-50.068696623562083
0.037429200000046361,-50.070325229977406
0.037429300000046364,-50.071952918247938
0.037429400000046367,-50.073579688392357
0.03742950000004637,-50.075205540429394
0.037429600000046373,-50.076830474377793
0.037429700000046376,-50.078454490256291
0.037429800000046379,-50.08007758808364
0.037429900000046382,-50.081699767878639
0.037430000000046385,-50.083321029660084
0.037430100000046387,-50.084941373446782
0.03743020000004639,-50.086560799257533
0.037430300000046393,-50.088179307111176
0.037430400000046396,-50.089796897026574
0.037430500000046399,-50.091413569022599
0.037430600000046402,-50.093029323118103
0.037430700000046405,-50.094644159331985
0.037430800000046408,-50.096258077683167
0.03743090000004641,-50.097871078190586
0.037431000000046413,-50.099483160873177
0.037431100000046416,-50.101094325749862
0.037431200000046419,-50.102704572839635
0.037431300000046422,-50.104313902161458
0.037431400000046425,-50.105922313734311
0.037431500000046428,-50.107529807577237
0.037431600000046431,-50.109136383709249
0.037431700000046433,-50.110742042149369
0.037431800000046436,-50.112346782916667
0.037431900000046439,-50.113950606030222
0.037432000000046442,-50.11555351150907
0.037432100000046445,-50.117155499372345
0.037432200000046448,-50.118756569639139
0.037432300000046451,-50.120356722328573
0.037432400000046454,-50.121955957459804
0.037432500000046456,-50.123554275051937
0.037432600000046459,-50.125151675124201
0.037432700000046462,-50.126748157695744
0.037432800000046465,-50.128343722785779
0.037432900000046468,-50.129938370413498
0.037433000000046471,-50.131532100598129
0.037433100000046474,-50.133124913358905
0.037433200000046477,-50.134716808715083
0.037433300000046479,-50.136307786685947
0.037433400000046482,-50.137897847290745
0.037433500000046485,-50.139486990548818
0.037433600000046488,-50.141075216479443
0.037433700000046491,-50.142662525101962
0.037433800000046494,-50.144248916435714
0.037433900000046497,-50.145834390500035
0.0374340000000465,-50.147418947314328
0.037434100000046502,-50.14900258689795
0.037434200000046505,-50.150585309270298
0.037434300000046508,-50.152167114450776
0.037434400000046511,-50.153748002458819
0.037434500000046514,-50.15532797331386
0.037434600000046517,-50.156907027035352
0.03743470000004652,-50.158485163642794
0.037434800000046523,-50.160062383155662
0.037434900000046525,-50.161638685593438
0.037435000000046528,-50.16321407097562
0.037435100000046531,-50.164788539321762
0.037435200000046534,-50.166362090651376
0.037435300000046537,-50.167934724984036
0.03743540000004654,-50.169506442339298
0.037435500000046543,-50.171077242736764
0.037435600000046546,-50.172647126196019
0.037435700000046548,-50.174216092736685
0.037435800000046551,-50.175784142378376
0.037435900000046554,-50.177351275140737
0.037436000000046557,-50.1789174910434
0.03743610000004656,-50.180482790106076
0.037436200000046563,-50.182047172348426
0.037436300000046566,-50.183610637790167
0.037436400000046569,-50.185173186450989
0.037436500000046571,-50.186734818350629
0.037436600000046574,-50.188295533508843
0.037436700000046577,-50.189855331945353
0.03743680000004658,-50.191414213679934
0.037436900000046583,-50.192972178732383
0.037437000000046586,-50.194529227122501
0.037437100000046589,-50.196085358870107
0.037437200000046592,-50.197640573995031
0.037437300000046594,-50.199194872517069
0.037437400000046597,-50.20074825445613
0.0374375000000466,-50.202300719832053
0.037437600000046603,-50.203852268664733
0.037437700000046606,-50.205402900974065
0.037437800000046609,-50.206952616779965
0.037437900000046612,-50.208501416102365
0.037438000000046615,-50.210049298961195
0.037438100000046617,-50.211596265376407
0.03743820000004662,-50.213142315367982
0.037438300000046623,-50.214687448955935
0.037438400000046626,-50.216231666160226
0.037438500000046629,-50.217774967000857
0.037438600000046632,-50.219317351497885
0.037438700000046635,-50.220858819671328
0.037438800000046638,-50.222399371541272
0.03743890000004664,-50.223939007127768
0.037439000000046643,-50.225477726450904
0.037439100000046646,-50.227015529530775
0.037439200000046649,-50.228552416387529
0.037439300000046652,-50.230088387041256
0.037439400000046655,-50.231623441512099
0.037439500000046658,-50.233157579820215
0.037439600000046661,-50.234690801985771
0.037439700000046663,-50.236223108028987
0.037439800000046666,-50.237754497970009
0.037439900000046669,-50.239284971829093
0.037440000000046672,-50.240814529626469
0.037440100000046675,-50.238302544004817
0.037440200000046678,-50.235790683978529
0.037440300000046681,-50.233278918144812
0.037440400000046684,-50.230767277897037
0.037440500000046686,-50.228255763228923
0.037440600000046689,-50.225744374134173
0.037440700000046692,-50.223233110606543
0.037440800000046695,-50.220721972639723
0.037440900000046698,-50.218210960227452
0.037441000000046701,-50.215700073363443
0.037441100000046704,-50.213189312041429
0.037441200000046707,-50.210678676255114
0.037441300000046709,-50.208168165998217
0.037441400000046712,-50.205657781264492
0.037441500000046715,-50.203147522047651
0.037441600000046718,-50.200637388341413
0.037441700000046721,-50.198127380139503
0.037441800000046724,-50.195617497435641
0.037441900000046727,-50.193107740223574
0.03744200000004673,-50.190598108497035
0.037442100000046732,-50.188088602249707
0.037442200000046735,-50.185579221475365
0.037442300000046738,-50.183069966167714
0.037442400000046741,-50.180560836320439
0.037442500000046744,-50.178051831927313
0.037442600000046747,-50.175542952982049
0.03744270000004675,-50.173034199478387
0.037442800000046753,-50.170525571410053
0.037442900000046755,-50.168017068770745
0.037443000000046758,-50.165508691554223
0.037443100000046761,-50.163000439754228
0.037443200000046764,-50.160492313364458
0.037443300000046767,-50.157984312378638
0.03744340000004677,-50.155476436790522
0.037443500000046773,-50.152968686593837
0.037443600000046776,-50.150461061782295
0.037443700000046778,-50.147953562349656
0.037443800000046781,-50.145446188289618
0.037443900000046784,-50.14293893959595
0.037444000000046787,-50.140431816262371
0.03744410000004679,-50.137924818282599
0.037444200000046793,-50.135417945650374
0.037444300000046796,-50.132911198359423
0.037444400000046799,-50.130404576403492
0.037444500000046801,-50.127898079776294
0.037444600000046804,-50.125391708471597
0.037444700000046807,-50.122885462483097
0.03744480000004681,-50.120379341804558
0.037444900000046813,-50.117873346429711
0.037445000000046816,-50.115367476352262
0.037445100000046819,-50.112861731565957
0.037445200000046822,-50.110356112064544
0.037445300000046824,-50.107850617841741
0.037445400000046827,-50.105345248891339
0.03744550000004683,-50.102840005207007
0.037445600000046833,-50.100334886782527
0.037445700000046836,-50.097829893611632
0.037445800000046839,-50.095325025688027
0.037445900000046842,-50.092820283005466
0.037446000000046845,-50.090315665557682
0.037446100000046847,-50.087811173338444
0.03744620000004685,-50.085306806341457
0.037446300000046853,-50.082802564560474
0.037446400000046856,-50.080298447989236
0.037446500000046859,-50.077794456621469
0.037446600000046862,-50.07529059045094
0.037446700000046865,-50.072786849471342
0.037446800000046868,-50.070283233676456
0.03744690000004687,-50.067779743059994
0.037447000000046873,-50.06527637761571
0.037447100000046876,-50.062773137337373
0.037447200000046879,-50.060270022218688
0.037447300000046882,-50.057767032253416
0.037447400000046885,-50.055264167435311
0.037447500000046888,-50.052761427758078
0.037447600000046891,-50.050258813215493
0.037447700000046893,-50.047756323801273
0.037447800000046896,-50.045253959509196
0.037447900000046899,-50.042751720332987
0.037448000000046902,-50.040249606266393
0.037448100000046905,-50.037747617303133
0.037448200000046908,-50.035245753436989
