Time,vL
0.39828760001042307,-44.52840994128853
0.39828770001042307,-44.539086182260178
0.39828780001042308,-44.549752797369578
0.39828790001042308,-44.560409786044104
0.39828800001042308,-44.571057147712722
0.39828810001042309,-44.581694881806555
0.39828820001042309,-44.592322987758379
0.39828830001042309,-44.602941465002814
0.39828840001042309,-44.613550312976329
0.3982885000104231,-44.624149531117183
0.3982886000104231,-44.634739118865554
0.3982887000104231,-44.645319075663437
0.39828880001042311,-44.655889400954635
0.39828890001042311,-44.666450094184682
0.39828900001042311,-44.677001154801147
0.39828910001042311,-44.6875425822533
0.39828920001042312,-44.698074375992306
0.39828930001042312,-44.708596535471031
0.39828940001042312,-44.719109060144376
0.39828950001042313,-44.729611949468918
0.39828960001042313,-44.740105202903095
0.39828970001042313,-44.750588819907193
0.39828980001042313,-44.761062799943431
0.39828990001042314,-44.771527142475648
0.39829000001042314,-44.781981846969714
0.39829010001042314,-44.792426912893092
0.39829020001042315,-44.802862339715318
0.39829030001042315,-44.813288126907651
0.39829040001042315,-44.823704273943207
0.39829050001042315,-44.834110780296896
0.39829060001042316,-44.844507645445432
0.39829070001042316,-44.854894868867532
0.39829080001042316,-44.865272450043548
0.39829090001042317,-44.875640388455693
0.39829100001042317,-44.885998683588099
0.39829110001042317,-44.896347334926631
0.39829120001042317,-44.906686341958959
0.39829130001042318,-44.917015704174773
0.39829140001042318,-44.927335421065422
0.39829150001042318,-44.937645492124076
0.39829160001042319,-44.947945916845811
0.39829170001042319,-44.958236694727532
0.39829180001042319,-44.968517825267881
0.39829190001042319,-44.978789307967332
0.3982920000104232,-44.989051142328464
0.3982921000104232,-44.999303327855273
0.3982922000104232,-45.009545864053862
0.39829230001042321,-45.019778750431968
0.39829240001042321,-45.030001986499315
0.39829250001042321,-45.040215571767419
0.39829260001042321,-45.050419505749531
0.39829270001042322,-45.060613787960847
0.39829280001042322,-45.070798417918283
0.39829290001042322,-45.08097339514066
0.39829300001042323,-45.091138719148589
0.39829310001042323,-45.10129438946457
0.39829320001042323,-45.111440405612854
0.39829330001042323,-45.121576767119464
0.39829340001042324,-45.131703473512403
0.39829350001042324,-45.141820524321432
0.39829360001042324,-45.151927919078005
0.39829370001042325,-45.162025657315567
0.39829380001042325,-45.172113738569408
0.39829390001042325,-45.182192162376452
0.39829400001042325,-45.192260928275573
0.39829410001042326,-45.202320035807602
0.39829420001042326,-45.212369484514895
0.39829430001042326,-45.222409273941878
0.39829440001042327,-45.232439403634686
0.39829450001042327,-45.242459873141257
0.39829460001042327,-45.25247068201142
0.39829470001042327,-45.262471829796809
0.39829480001042328,-45.272463316050874
0.39829490001042328,-45.282445140328946
0.39829500001042328,-45.292417302188014
0.39829510001042329,-45.302379801187072
0.39829520001042329,-45.312332636886794
0.39829530001042329,-45.322275808849824
0.3982954000104233,-45.332209316640458
0.3982955000104233,-45.342133159824925
0.3982956000104233,-45.352047337971271
0.3982957000104233,-45.361951850649291
0.39829580001042331,-45.371846697430669
0.39829590001042331,-45.381731877888868
0.39829600001042331,-45.391607391599209
0.39829610001042332,-45.401473238138834
0.39829620001042332,-45.411329417086691
0.39829630001042332,-45.421175928023544
0.39829640001042332,-45.431012770531964
0.39829650001042333,-45.440839944196341
0.39829660001042333,-45.450657448602882
0.39829670001042333,-45.460465283339659
0.39829680001042334,-45.470263447996572
0.39829690001042334,-45.480051942165261
0.39829700001042334,-45.489830765439109
0.39829710001042334,-45.499599917413519
0.39829720001042335,-45.50935939768577
0.39829730001042335,-45.519109205854591
0.39829740001042335,-45.528849341520896
0.39829750001042336,-45.538579804287139
0.39829760001042336,-45.548300593757887
0.39829770001042336,-45.55801170953923
0.39829780001042336,-45.567713151239204
0.39829790001042337,-45.577404918467693
0.39829800001042337,-45.587087010836328
0.39829810001042337,-45.596759427958659
0.39829820001042338,-45.606422169449957
0.39829830001042338,-45.616075234927422
0.39829840001042338,-45.625718624009977
0.39829850001042338,-45.635352336318235
0.39829860001042339,-45.644976371474868
0.39829870001042339,-45.654590729104243
0.39829880001042339,-45.664195408832555
0.3982989000104234,-45.673790410287737
0.3982990000104234,-45.683375733099652
0.3982991000104234,-45.692951376899984
0.3982992000104234,-45.702517341322164
0.39829930001042341,-45.712073626001455
0.39829940001042341,-45.72162023057497
0.39829950001042341,-45.731157154681554
0.39829960001042342,-45.740684397961942
0.39829970001042342,-45.750201960058732
0.39829980001042342,-45.759709840616111
0.39829990001042342,-45.769208039280329
0.39830000001042343,74.997499885922693
0.39830010001042343,74.997498605706966
0.39830020001042343,74.997497325491253
0.39830030001042344,74.997496045275568
0.39830040001042344,74.997494765059898
0.39830050001042344,74.997493484844242
0.39830060001042344,74.997492204628614
0.39830070001042345,74.997490924413015
0.39830080001042345,74.997489644197415
0.39830090001042345,74.997488363981859
0.39830100001042346,74.997487083766302
0.39830110001042346,74.997485803550788
0.39830120001042346,74.997484523335274
0.39830130001042346,74.997483243119788
0.39830140001042347,74.997481962904331
0.39830150001042347,74.997480682688888
0.39830160001042347,74.997479402473459
0.39830170001042348,74.997478122258059
0.39830180001042348,74.997476842042687
0.39830190001042348,74.997475561827329
0.39830200001042348,74.997474281611986
0.39830210001042349,74.997473001396671
0.39830220001042349,74.99747172118137
0.39830230001042349,74.997470440966097
0.3983024000104235,74.997469160750839
0.3983025000104235,74.997467880535595
0.3983026000104235,74.997466600320379
0.3983027000104235,74.997465320105192
0.39830280001042351,74.997464039890019
0.39830290001042351,74.99746275967486
0.39830300001042351,74.99746147945973
0.39830310001042352,74.997460199244614
0.39830320001042352,74.997458919029526
0.39830330001042352,74.997457638814453
0.39830340001042353,74.997456358599408
0.39830350001042353,74.997455078384377
0.39830360001042353,74.997453798169374
0.39830370001042353,74.997452517954386
0.39830380001042354,74.997451237739412
0.39830390001042354,74.997449957524466
0.39830400001042354,74.997448677309549
0.39830410001042355,74.997447397094646
0.39830420001042355,74.997446116879757
0.39830430001042355,74.997444836664897
0.39830440001042355,74.997443556450051
0.39830450001042356,74.997442276235233
0.39830460001042356,74.99744099602043
0.39830470001042356,74.997439715805641
0.39830480001042357,74.997438435590894
0.39830490001042357,74.997437155376147
0.39830500001042357,74.997435875161429
0.39830510001042357,74.997434594946725
0.39830520001042358,74.997433314732049
0.39830530001042358,74.997432034517402
0.39830540001042358,74.997430754302755
0.39830550001042359,74.99742947408815
0.39830560001042359,74.997428193873546
0.39830570001042359,74.997426913658984
0.39830580001042359,74.997425633444422
0.3983059000104236,74.997424353229889
0.3983060000104236,74.997423073015383
0.3983061000104236,74.997421792800893
0.39830620001042361,74.997420512586416
0.39830630001042361,74.997419232371968
0.39830640001042361,74.997417952157548
0.39830650001042361,74.997416671943128
0.39830660001042362,74.997415391728751
0.39830670001042362,74.997414111514374
0.39830680001042362,74.997412831300039
0.39830690001042363,74.997411551085705
0.39830700001042363,74.997410270871399
0.39830710001042363,74.997408990657121
0.39830720001042363,74.997407710442857
0.39830730001042364,74.997406430228608
0.39830740001042364,74.997405150014387
0.39830750001042364,74.997403869800195
0.39830760001042365,74.997402589586002
0.39830770001042365,74.997401309371853
0.39830780001042365,74.997400029157703
0.39830790001042365,74.997398748943596
0.39830800001042366,74.997397468729488
0.39830810001042366,74.99739618851541
0.39830820001042366,74.997394908301359
0.39830830001042367,74.997393628087323
0.39830840001042367,74.997392347873316
0.39830850001042367,74.997391067659308
0.39830860001042367,74.997389787445343
0.39830870001042368,74.997388507231392
0.39830880001042368,74.997387227017455
0.39830890001042368,74.997385946803547
0.39830900001042369,74.997384666589653
0.39830910001042369,74.997383386375787
0.39830920001042369,74.997382106161936
0.39830930001042369,74.997380825948099
0.3983094000104237,-44.18169369957748
0.3983095000104237,-44.192675253292592
0.3983096000104237,-44.20364960192444
0.39830970001042371,-44.214614343358036
0.39830980001042371,-44.225569476963713
0.39830990001042371,-44.236515002113705
0.39831000001042371,-44.247450918182082
0.39831010001042372,-44.258377224544788
0.39831020001042372,-44.269293920579443
0.39831030001042372,-44.280201005665688
0.39831040001042373,-44.291098479184924
0.39831050001042373,-44.301986340520386
0.39831060001042373,-44.312864589057142
0.39831070001042373,-44.323733224182106
0.39831080001042374,-44.334592245284156
0.39831090001042374,-44.345441651753831
0.39831100001042374,-44.356281442983487
0.39831110001042375,-44.367111618367431
0.39831120001042375,-44.377932177301844
0.39831130001042375,-44.388743119184554
0.39831140001042376,-44.399544443415436
0.39831150001042376,-44.410336149396059
0.39831160001042376,-44.421118236529892
0.39831170001042376,-44.431890704222212
0.39831180001042377,-44.442653551880127
0.39831190001042377,-44.453406778912552
0.39831200001042377,-44.464150384730402
0.39831210001042378,-44.474884368746189
0.39831220001042378,-44.485608730374409
0.39831230001042378,-44.496323469031353
0.39831240001042378,-44.507028584135114
0.39831250001042379,-44.517724075105775
0.39831260001042379,-44.528409941365069
0.39831270001042379,-44.539086182336618
0.3983128000104238,-44.549752797445947
0.3983129000104238,-44.560409786120317
0.3983130000104238,-44.571057147788892
0.3983131000104238,-44.581694881882626
0.39831320001042381,-44.592322987834365
0.39831330001042381,-44.6029414650787
0.39831340001042381,-44.613550313052102
0.39831350001042382,-44.624149531192913
0.39831360001042382,-44.634739118941226
0.39831370001042382,-44.64531907573901
0.39831380001042382,-44.655889401030151
0.39831390001042383,-44.666450094260171
0.39831400001042383,-44.677001154876493
0.39831410001042383,-44.687542582328618
0.39831420001042384,-44.698074376067538
0.39831430001042384,-44.708596535546206
0.39831440001042384,-44.719109060219438
0.39831450001042384,-44.729611949543894
0.39831460001042385,-44.740105202978
0.39831470001042385,-44.75058881998207
0.39831480001042385,-44.761062800018209
0.39831490001042386,-44.771527142550326
0.39831500001042386,-44.78198184704425
0.39831510001042386,-44.792426912967585
0.39831520001042386,-44.802862339789741
0.39831530001042387,-44.813288126982016
0.39831540001042387,-44.823704274017516
0.39831550001042387,-44.834110780371176
0.39831560001042388,-44.844507645519755
0.39831570001042388,-44.854894868941784
0.39831580001042388,-44.865272450117715
0.39831590001042388,-44.875640388529803
0.39831600001042389,-44.885998683662095
0.39831610001042389,-44.896347335000513
0.39831620001042389,-44.906686342032742
0.3983163000104239,-44.91701570424847
0.3983164000104239,-44.92733542113902
0.3983165000104239,-44.937645492197589
0.3983166000104239,-44.947945916919252
0.39831670001042391,-44.958236694800902
0.39831680001042391,-44.968517825341237
0.39831690001042391,-44.978789308040689
0.39831700001042392,-44.989051142401721
0.39831710001042392,-44.999303327928459
0.39831720001042392,-45.009545864126977
0.39831730001042392,-45.019778750504997
0.39831740001042393,-45.030001986572245
0.39831750001042393,-45.040215571840207
0.39831760001042393,-45.050419505822234
0.39831770001042394,-45.06061378803345
0.39831780001042394,-45.070798417990886
0.39831790001042394,-45.080973395213206
0.39831800001042394,-45.091138719221092
0.39831810001042395,-45.101294389537003
0.39831820001042395,-45.111440405685244
0.39831830001042395,-45.121576767191826
0.39831840001042396,-45.131703473584679
0.39831850001042396,-45.14182052439358
0.39831860001042396,-45.151927919150069
0.39831870001042397,-45.162025657387559
0.39831880001042397,-45.172113738641315
0.39831890001042397,-45.182192162448331
0.39831900001042397,-45.192260928347451
0.39831910001042398,-45.202320035879382
0.39831920001042398,-45.212369484586631
0.39831930001042398,-45.222409274013572
0.39831940001042399,-45.232439403706238
0.39831950001042399,-45.242459873212709
0.39831960001042399,-45.252470682082873
0.39831970001042399,-45.262471829868204
0.398319800010424,-45.272463316122256
0.398319900010424,-45.28244514040027
0.398320000010424,-45.292417302259253
0.39832010001042401,-45.30237980125824
0.39832020001042401,-45.31233263695789
0.39832030001042401,-45.322275808920821
0.39832040001042401,-45.332209316711356
0.39832050001042402,-45.342133159895738
0.39832060001042402,-45.352047338042013
0.39832070001042402,-45.361951850719933
0.39832080001042403,-45.37184669750124
0.39832090001042403,-45.381731877959382
0.39832100001042403,-45.391607391669666
0.39832110001042403,-45.401473238209263
0.39832120001042404,-45.411329417157077
0.39832130001042404,-45.421175928093888
0.39832140001042404,-45.431012770602237
0.39832150001042405,-45.440839944266571
0.39832160001042405,-45.450657448673056
0.39832170001042405,-45.460465283409761
0.39832180001042405,-45.470263448066575
0.39832190001042406,-45.480051942235136
0.39832200001042406,-45.489830765508941
0.39832210001042406,-45.499599917483323
0.39832220001042407,-45.50935939775546
0.39832230001042407,-45.51910920592421
0.39832240001042407,-45.52884934159043
0.39832250001042407,-45.538579804356644
0.39832260001042408,-45.548300593827264
0.39832270001042408,-45.558011709608479
0.39832280001042408,-45.567713151308354
0.39832290001042409,-45.577404918536772
0.39832300001042409,-45.58708701090535
0.39832310001042409,-45.596759428027624
0.39832320001042409,-45.606422169518879
0.3983233000104241,-45.616075234996273
0.3983234000104241,-45.625718624078687
0.3983235000104241,-45.635352336386831
0.39832360001042411,-45.644976371543393
0.39832370001042411,-45.65459072917271
0.39832380001042411,-45.664195408900966
0.39832390001042411,-45.673790410356119
0.39832400001042412,-45.683375733167964
0.39832410001042412,-45.692951376968253
0.39832420001042412,-45.702517341390418
0.39832430001042413,-45.712073626069639
0.39832440001042413,-45.721620230643069
0.39832450001042413,-45.731157154749582
0.39832460001042413,-45.740684398029956
0.39832470001042414,-45.750201960126674
0.39832480001042414,-45.75970984068401
0.39832490001042414,-45.769208039348186
0.39832500001042415,74.997499885922679
0.39832510001042415,74.997498605706951
0.39832520001042415,74.997497325491253
0.39832530001042415,74.997496045275554
0.39832540001042416,74.997494765059884
0.39832550001042416,74.997493484844242
0.39832560001042416,74.997492204628614
0.39832570001042417,74.997490924413
0.39832580001042417,74.997489644197415
0.39832590001042417,74.997488363981844
0.39832600001042417,74.997487083766302
0.39832610001042418,74.997485803550774
0.39832620001042418,74.997484523335274
0.39832630001042418,74.997483243119788
0.39832640001042419,74.997481962904317
0.39832650001042419,74.997480682688874
0.39832660001042419,74.997479402473459
0.3983267000104242,74.997478122258059
0.3983268000104242,74.997476842042673
0.3983269000104242,74.997475561827315
0.3983270000104242,74.997474281611971
0.39832710001042421,74.997473001396656
0.39832720001042421,74.997471721181356
0.39832730001042421,74.997470440966083
0.39832740001042422,74.997469160750825
0.39832750001042422,74.997467880535595
0.39832760001042422,74.997466600320379
0.39832770001042422,74.997465320105178
0.39832780001042423,74.997464039890005
0.39832790001042423,74.99746275967486
0.39832800001042423,74.997461479459716
0.39832810001042424,74.997460199244614
0.39832820001042424,74.997458919029526
0.39832830001042424,74.997457638814453
0.39832840001042424,74.997456358599393
0.39832850001042425,74.997455078384377
0.39832860001042425,74.99745379816936
0.39832870001042425,74.997452517954372
0.39832880001042426,74.997451237739412
0.39832890001042426,74.997449957524466
0.39832900001042426,74.997448677309535
0.39832910001042426,74.997447397094632
0.39832920001042427,74.997446116879743
0.39832930001042427,74.997444836664883
0.39832940001042427,74.997443556450037
0.39832950001042428,74.997442276235219
0.39832960001042428,74.997440996020416
0.39832970001042428,74.997439715805641
0.39832980001042428,74.99743843559088
0.39832990001042429,74.997437155376133
0.39833000001042429,74.997435875161415
0.39833010001042429,74.997434594946725
0.3983302000104243,74.997433314732049
0.3983303000104243,74.997432034517388
0.3983304000104243,74.997430754302755
0.3983305000104243,74.997429474088136
0.39833060001042431,74.997428193873546
0.39833070001042431,74.99742691365897
0.39833080001042431,74.997425633444422
0.39833090001042432,74.997424353229889
0.39833100001042432,74.997423073015369
0.39833110001042432,74.997421792800878
0.39833120001042432,74.997420512586416
0.39833130001042433,74.997419232371968
0.39833140001042433,74.997417952157534
0.39833150001042433,74.997416671943128
0.39833160001042434,74.997415391728737
0.39833170001042434,74.997414111514374
0.39833180001042434,74.997412831300025
0.39833190001042434,74.997411551085705
0.39833200001042435,74.997410270871399
0.39833210001042435,74.997408990657107
0.39833220001042435,74.997407710442843
0.39833230001042436,74.997406430228608
0.39833240001042436,74.997405150014387
0.39833250001042436,74.997403869800181
0.39833260001042436,74.997402589586002
0.39833270001042437,74.997401309371838
0.39833280001042437,74.997400029157703
0.39833290001042437,74.997398748943581
0.39833300001042438,74.997397468729488
0.39833310001042438,74.99739618851541
0.39833320001042438,74.997394908301345
0.39833330001042438,74.997393628087309
0.39833340001042439,74.997392347873301
0.39833350001042439,74.997391067659308
0.39833360001042439,74.997389787445329
0.3983337000104244,74.997388507231378
0.3983338000104244,74.997387227017441
0.3983339000104244,74.997385946803533
0.3983340000104244,74.997384666589639
0.39833410001042441,74.997383386375773
0.39833420001042441,74.997382106161922
0.39833430001042441,74.997380825948099
0.39833440001042442,-44.181693699655725
0.39833450001042442,-44.19267525337078
0.39833460001042442,-44.203649602002585
0.39833470001042443,-44.214614343436111
0.39833480001042443,-44.225569477041745
0.39833490001042443,-44.23651500219168
0.39833500001042443,-44.247450918260014
0.39833510001042444,-44.258377224622606
0.39833520001042444,-44.269293920657191
0.39833530001042444,-44.280201005743336
0.39833540001042445,-44.291098479262487
0.39833550001042445,-44.301986340597878
0.39833560001042445,-44.312864589134563
0.39833570001042445,-44.323733224259527
0.39833580001042446,-44.334592245361463
0.39833590001042446,-44.345441651831038
0.39833600001042446,-44.356281443060624
0.39833610001042447,-44.367111618444525
0.39833620001042447,-44.377932177378796
0.39833630001042447,-44.388743119261463
0.39833640001042447,-44.399544443492275
0.39833650001042448,-44.410336149472826
0.39833660001042448,-44.421118236606503
0.39833670001042448,-44.431890704298723
0.39833680001042449,-44.442653551956525
0.39833690001042449,-44.453406778988878
0.39833700001042449,-44.464150384806558
0.39833710001042449,-44.474884368822259
0.3983372000104245,-44.485608730450409
0.3983373000104245,-44.496323469107281
0.3983374000104245,-44.507028584211042
0.39833750001042451,-44.517724075181661
0.39833760001042451,-44.528409941440927
0.39833770001042451,-44.539086182412461
0.39833780001042451,-44.549752797521819
0.39833790001042452,-44.560409786196203
0.39833800001042452,-44.571057147864749
0.39833810001042452,-44.581694881958441
0.39833820001042453,-44.592322987910123
0.39833830001042453,-44.602941465154316
0.39833840001042453,-44.613550313127632
0.39833850001042453,-44.624149531268401
0.39833860001042454,-44.634739119016672
0.39833870001042454,-44.645319075814385
0.39833880001042454,-44.655889401105412
0.39833890001042455,-44.66645009433536
0.39833900001042455,-44.677001154951682
0.39833910001042455,-44.687542582403708
0.39833920001042455,-44.698074376142557
0.39833930001042456,-44.708596535621211
0.39833940001042456,-44.719109060294414
0.39833950001042456,-44.729611949618857
0.39833960001042457,-44.740105203052906
0.39833970001042457,-44.750588820056933
0.39833980001042457,-44.761062800093057
0.39833990001042457,-44.771527142625132
0.39834000001042458,-44.781981847119027
0.39834010001042458,-44.79242691304222
0.39834020001042458,-44.802862339864291
0.39834030001042459,-44.813288127056509
0.39834040001042459,-44.823704274091881
0.39834050001042459,-44.834110780445457
0.39834060001042459,-44.844507645593936
0.3983407000104246,-44.854894869015865
0.3983408000104246,-44.865272450191682
0.3983409000104246,-44.875640388603642
0.39834100001042461,-44.885998683735849
0.39834110001042461,-44.896347335074182
0.39834120001042461,-44.906686342106397
0.39834130001042461,-44.917015704322111
0.39834140001042462,-44.927335421212589
0.39834150001042462,-44.937645492271145
0.39834160001042462,-44.947945916992737
0.39834170001042463,-44.958236694874287
0.39834180001042463,-44.968517825414551
0.39834190001042463,-44.97878930811396
0.39834200001042464,-44.989051142474921
0.39834210001042464,-44.999303328001574
0.39834220001042464,-45.009545864200021
0.39834230001042464,-45.019778750577956
0.39834240001042465,-45.030001986645161
0.39834250001042465,-45.040215571913123
0.39834260001042465,-45.050419505895107
0.39834270001042466,-45.060613788106281
0.39834280001042466,-45.070798418063617
0.39834290001042466,-45.080973395285881
0.39834300001042466,-45.091138719293696
0.39834310001042467,-45.101294389609535
0.39834320001042467,-45.111440405757676
0.39834330001042467,-45.121576767264145
0.39834340001042468,-45.131703473656941
0.39834350001042468,-45.141820524465743
0.39834360001042468,-45.151927919222203
0.39834370001042468,-45.162025657459651
0.39834380001042469,-45.172113738713236
0.39834390001042469,-45.182192162520167
0.39834400001042469,-45.19226092841923
0.3983441000104247,-45.202320035951089
0.3983442000104247,-45.212369484658254
0.3983443000104247,-45.222409274085123
0.3983444000104247,-45.232439403777747
0.39834450001042471,-45.24245987328419
0.39834460001042471,-45.252470682154282
0.39834470001042471,-45.262471829939571
0.39834480001042472,-45.272463316193551
0.39834490001042472,-45.282445140471438
0.39834500001042472,-45.292417302330392
0.39834510001042472,-45.302379801329323
0.39834520001042473,-45.312332637028931
0.39834530001042473,-45.322275808991762
0.39834540001042473,-45.332209316782212
0.39834550001042474,-45.342133159966522
0.39834560001042474,-45.352047338112698
0.39834570001042474,-45.361951850790575
0.39834580001042474,-45.371846697571812
0.39834590001042475,-45.381731878029953
0.39834600001042475,-45.391607391740195
0.39834610001042475,-45.401473238279749
0.39834620001042476,-45.411329417227435
0.39834630001042476,-45.421175928164132
0.39834640001042476,-45.43101277067241
0.39834650001042476,-45.440839944336588
0.39834660001042477,-45.450657448743002
0.39834670001042477,-45.460465283479635
0.39834680001042477,-45.470263448136365
0.39834690001042478,-45.480051942304854
0.39834700001042478,-45.489830765578674
0.39834710001042478,-45.49959991755297
0.39834720001042478,-45.509359397825023
0.39834730001042479,-45.519109205993715
0.39834740001042479,-45.52884934165985
0.39834750001042479,-45.538579804426007
0.3983476000104248,-45.548300593896556
0.3983477000104248,-45.558011709677729
0.3983478000104248,-45.567713151377603
0.3983479000104248,-45.577404918605978
0.39834800001042481,-45.587087010974471
0.39834810001042481,-45.596759428096732
0.39834820001042481,-45.606422169587944
0.39834830001042482,-45.61607523506521
0.39834840001042482,-45.625718624147538
0.39834850001042482,-45.635352336455639
0.39834860001042482,-45.644976371612103
0.39834870001042483,-45.654590729241292
0.39834880001042483,-45.66419540896942
0.39834890001042483,-45.673790410424488
0.39834900001042484,-45.683375733236232
0.39834910001042484,-45.692951377036493
0.39834920001042484,-45.702517341458588
0.39834930001042484,-45.712073626137837
0.39834940001042485,-45.721620230711224
0.39834950001042485,-45.731157154817666
0.39834960001042485,-45.74068439809794
0.39834970001042486,-45.750201960194573
0.39834980001042486,-45.759709840751853
0.39834990001042486,-45.769208039415929
0.39835000001042487,74.997499885922679
0.39835010001042487,74.997498605706951
0.39835020001042487,74.997497325491238
0.39835030001042487,74.99749604527554
0.39835040001042488,74.997494765059869
0.39835050001042488,74.997493484844227
0.39835060001042488,74.9974922046286
0.39835070001042489,74.997490924412986
0.39835080001042489,74.997489644197401
0.39835090001042489,74.99748836398183
0.39835100001042489,74.997487083766288
0.3983511000104249,74.997485803550759
0.3983512000104249,74.99748452333526
0.3983513000104249,74.997483243119774
0.39835140001042491,74.997481962904317
0.39835150001042491,74.997480682688874
0.39835160001042491,74.997479402473445
0.39835170001042491,74.997478122258045
0.39835180001042492,74.997476842042673
0.39835190001042492,74.997475561827301
0.39835200001042492,74.997474281611971
0.39835210001042493,74.997473001396642
0.39835220001042493,74.997471721181356
0.39835230001042493,74.997470440966069
0.39835240001042493,74.997469160750811
0.39835250001042494,74.997467880535581
0.39835260001042494,74.997466600320365
0.39835270001042494,74.997465320105178
0.39835280001042495,74.997464039890005
0.39835290001042495,74.997462759674846
0.39835300001042495,74.997461479459716
0.39835310001042495,74.9974601992446
0.39835320001042496,74.997458919029512
0.39835330001042496,74.997457638814438
0.39835340001042496,74.997456358599393
0.39835350001042497,74.997455078384363
0.39835360001042497,74.99745379816936
0.39835370001042497,74.997452517954372
0.39835380001042497,74.997451237739398
0.39835390001042498,74.997449957524452
0.39835400001042498,74.997448677309521
0.39835410001042498,74.997447397094618
0.39835420001042499,74.997446116879743
0.39835430001042499,74.997444836664869
0.39835440001042499,74.997443556450037
0.39835450001042499,74.997442276235205
0.398354600010425,74.997440996020416
0.398354700010425,74.997439715805626
0.398354800010425,74.997438435590865
0.39835490001042501,74.997437155376133
0.39835500001042501,74.997435875161415
0.39835510001042501,74.997434594946711
0.39835520001042501,74.997433314732035
0.39835530001042502,74.997432034517374
0.39835540001042502,74.997430754302741
0.39835550001042502,74.997429474088122
0.39835560001042503,74.997428193873532
0.39835570001042503,74.997426913658956
0.39835580001042503,74.997425633444408
0.39835590001042503,74.997424353229874
0.39835600001042504,74.997423073015369
0.39835610001042504,74.997421792800878
0.39835620001042504,74.997420512586402
0.39835630001042505,74.997419232371954
0.39835640001042505,74.997417952157519
0.39835650001042505,74.997416671943114
0.39835660001042505,74.997415391728723
0.39835670001042506,74.99741411151436
0.39835680001042506,74.997412831300011
0.39835690001042506,74.99741155108569
0.39835700001042507,74.997410270871384
0.39835710001042507,74.997408990657107
0.39835720001042507,74.997407710442843
0.39835730001042507,74.997406430228594
0.39835740001042508,74.997405150014373
0.39835750001042508,74.997403869800166
0.39835760001042508,74.997402589585988
0.39835770001042509,74.997401309371824
0.39835780001042509,74.997400029157689
0.39835790001042509,74.997398748943567
0.3983580000104251,74.997397468729474
0.3983581000104251,74.997396188515395
0.3983582000104251,74.997394908301345
0.3983583000104251,74.997393628087309
0.39835840001042511,74.997392347873287
0.39835850001042511,74.997391067659294
0.39835860001042511,74.997389787445329
0.39835870001042512,74.997388507231364
0.39835880001042512,74.997387227017441
0.39835890001042512,74.997385946803519
0.39835900001042512,74.997384666589639
0.39835910001042513,74.997383386375759
0.39835920001042513,74.997382106161922
0.39835930001042513,74.997380825948085
0.39835940001042514,-44.18169369973478
0.39835950001042514,-44.192675253449792
0.39835960001042514,-44.203649602081484
0.39835970001042514,-44.214614343514882
0.39835980001042515,-44.225569477120374
0.39835990001042515,-44.236515002270224
0.39836000001042515,-44.247450918338458
0.39836010001042516,-44.258377224700936
0.39836020001042516,-44.269293920735421
0.39836030001042516,-44.28020100582151
0.39836040001042516,-44.291098479340633
0.39836050001042517,-44.301986340675953
0.39836060001042517,-44.312864589212595
0.39836070001042517,-44.32373322433746
0.39836080001042518,-44.334592245439325
0.39836090001042518,-44.345441651908814
0.39836100001042518,-44.356281443138371
0.39836110001042518,-44.367111618522202
0.39836120001042519,-44.377932177456458
0.39836130001042519,-44.388743119339068
0.39836140001042519,-44.399544443569766
0.3983615000104252,-44.410336149550204
0.3983616000104252,-44.421118236683867
0.3983617000104252,-44.431890704376002
0.3983618000104252,-44.442653552033732
0.39836190001042521,-44.453406779065972
0.39836200001042521,-44.464150384883638
0.39836210001042521,-44.474884368899282
0.39836220001042522,-44.485608730527332
0.39836230001042522,-44.49632346918419
0.39836240001042522,-44.507028584287866
0.39836250001042522,-44.517724075258386
0.39836260001042523,-44.528409941517609
0.39836270001042523,-44.539086182489086
0.39836280001042523,-44.549752797598302
0.39836290001042524,-44.560409786272615
0.39836300001042524,-44.571057147941076
0.39836310001042524,-44.581694882034697
0.39836320001042524,-44.592322987986265
0.39836330001042525,-44.602941465230444
0.39836340001042525,-44.613550313203731
0.39836350001042525,-44.624149531344372
0.39836360001042526,-44.634739119092544
0.39836370001042526,-44.645319075890171
0.39836380001042526,-44.655889401181099
0.39836390001042526,-44.666450094410962
0.39836400001042527,-44.677001155027199
0.39836410001042527,-44.687542582479125
0.39836420001042527,-44.698074376217917
0.39836430001042528,-44.708596535696444
0.39836440001042528,-44.719109060369576
0.39836450001042528,-44.72961194969389
0.39836460001042528,-44.740105203127911
0.39836470001042529,-44.750588820131853
0.39836480001042529,-44.761062800167792
0.39836490001042529,-44.77152714269981
0.3983650000104253,-44.781981847193606
0.3983651000104253,-44.792426913116827
0.3983652000104253,-44.802862339938798
0.39836530001042531,-44.813288127130903
0.39836540001042531,-44.823704274166246
0.39836550001042531,-44.834110780519708
0.39836560001042531,-44.844507645668074
0.39836570001042532,-44.854894869090003
0.39836580001042532,-44.865272450265778
0.39836590001042532,-44.875640388677724
0.39836600001042533,-44.885998683809902
0.39836610001042533,-44.896347335148207
0.39836620001042533,-44.906686342180294
0.39836630001042533,-44.91701570439588
0.39836640001042534,-44.92733542128633
0.39836650001042534,-44.937645492344771
0.39836660001042534,-44.947945917066306
0.39836670001042535,-44.958236694947814
0.39836680001042535,-44.968517825488021
0.39836690001042535,-44.978789308187373
0.39836700001042535,-44.989051142548263
0.39836710001042536,-44.999303328074888
0.39836720001042536,-45.00954586427325
0.39836730001042536,-45.019778750651128
0.39836740001042537,-45.030001986718275
0.39836750001042537,-45.040215571986167
0.39836760001042537,-45.050419505968122
0.39836770001042537,-45.060613788179225
0.39836780001042538,-45.070798418136519
0.39836790001042538,-45.080973395358797
0.39836800001042538,-45.09113871936654
0.39836810001042539,-45.101294389682266
0.39836820001042539,-45.111440405830351
0.39836830001042539,-45.121576767336791
0.39836840001042539,-45.131703473729502
0.3983685000104254,-45.141820524538275
0.3983686000104254,-45.151927919294678
0.3983687000104254,-45.162025657532041
0.39836880001042541,-45.17211373878564
0.39836890001042541,-45.182192162592457
0.39836900001042541,-45.192260928491407
0.39836910001042541,-45.202320036023181
0.39836920001042542,-45.212369484730289
0.39836930001042542,-45.222409274157044
0.39836940001042542,-45.232439403849668
0.39836950001042543,-45.242459873356054
0.39836960001042543,-45.252470682226075
0.39836970001042543,-45.262471830011251
0.39836980001042543,-45.27246331626516
0.39836990001042544,-45.282445140543047
0.39837000001042544,-45.292417302401958
0.39837010001042544,-45.302379801400818
0.39837020001042545,-45.312332637100383
0.39837030001042545,-45.322275809063171
0.39837040001042545,-45.33220931685355
0.39837050001042545,-45.342133160037832
0.39837060001042546,-45.352047338183979
0.39837070001042546,-45.3619518508618
0.39837080001042546,-45.371846697642965
0.39837090001042547,-45.381731878101036
0.39837100001042547,-45.391607391811206
0.39837110001042547,-45.401473238350661
0.39837120001042547,-45.41132941729829
0.39837130001042548,-45.421175928234916
0.39837140001042548,-45.431012770743081
0.39837150001042548,-45.440839944407244
0.39837160001042549,-45.450657448813573
0.39837170001042549,-45.460465283550135
0.39837180001042549,-45.470263448206765
0.39837190001042549,-45.480051942375184
0.3983720000104255,-45.489830765648875
0.3983721000104255,-45.499599917623115
0.3983722000104255,-45.509359397895068
0.39837230001042551,-45.519109206063689
0.39837240001042551,-45.528849341729725
0.39837250001042551,-45.538579804495811
0.39837260001042551,-45.548300593966289
0.39837270001042552,-45.55801170974739
0.39837280001042552,-45.567713151447165
0.39837290001042552,-45.577404918675455
0.39837300001042553,-45.587087011043906
0.39837310001042553,-45.596759428166138
0.39837320001042553,-45.606422169657279
0.39837330001042554,-45.616075235134502
0.39837340001042554,-45.625718624216802
0.39837350001042554,-45.635352336524875
0.39837360001042554,-45.644976371681253
0.39837370001042555,-45.654590729310399
0.39837380001042555,-45.664195409038427
0.39837390001042555,-45.673790410493424
0.39837400001042556,-45.683375733305155
0.39837410001042556,-45.692951377105288
0.39837420001042556,-45.702517341527269
0.39837430001042556,-45.712073626206376
0.39837440001042557,-45.721620230779678
0.39837450001042557,-45.731157154886034
0.39837460001042557,-45.740684398166252
0.39837470001042558,-45.750201960262771
0.39837480001042558,-45.75970984081998
0.39837490001042558,-45.769208039483999
0.39837500001042558,74.997499885922664
0.39837510001042559,74.997498605706937
0.39837520001042559,74.997497325491224
0.39837530001042559,74.99749604527554
0.3983754000104256,74.997494765059869
0.3983755000104256,74.997493484844213
0.3983756000104256,74.997492204628585
0.3983757000104256,74.997490924412986
0.39837580001042561,74.997489644197387
0.39837590001042561,74.99748836398183
0.39837600001042561,74.997487083766273
0.39837610001042562,74.997485803550759
0.39837620001042562,74.997484523335245
0.39837630001042562,74.99748324311976
0.39837640001042562,74.997481962904303
0.39837650001042563,74.99748068268886
0.39837660001042563,74.997479402473445
0.39837670001042563,74.99747812225803
0.39837680001042564,74.997476842042659
0.39837690001042564,74.997475561827301
0.39837700001042564,74.997474281611957
0.39837710001042564,74.997473001396642
0.39837720001042565,74.997471721181341
0.39837730001042565,74.997470440966069
0.39837740001042565,74.997469160750811
0.39837750001042566,74.997467880535567
0.39837760001042566,74.997466600320351
0.39837770001042566,74.997465320105164
0.39837780001042566,74.997464039889991
0.39837790001042567,74.997462759674832
0.39837800001042567,74.997461479459702
0.39837810001042567,74.997460199244586
0.39837820001042568,74.997458919029498
0.39837830001042568,74.997457638814424
0.39837840001042568,74.997456358599379
0.39837850001042568,74.997455078384348
0.39837860001042569,74.997453798169346
0.39837870001042569,74.997452517954358
0.39837880001042569,74.997451237739384
0.3983789000104257,74.997449957524438
0.3983790000104257,74.997448677309521
0.3983791000104257,74.997447397094618
0.3983792000104257,74.997446116879729
0.39837930001042571,74.997444836664869
0.39837940001042571,74.997443556450023
0.39837950001042571,74.997442276235205
0.39837960001042572,74.997440996020401
0.39837970001042572,74.997439715805626
0.39837980001042572,74.997438435590865
0.39837990001042572,74.997437155376119
0.39838000001042573,74.997435875161401
0.39838010001042573,74.997434594946697
0.39838020001042573,74.997433314732021
0.39838030001042574,74.997432034517374
0.39838040001042574,74.997430754302741
0.39838050001042574,74.997429474088122
0.39838060001042574,74.997428193873517
0.39838070001042575,74.997426913658956
0.39838080001042575,74.997425633444394
0.39838090001042575,74.99742435322986
0.39838100001042576,74.997423073015355
0.39838110001042576,74.997421792800864
0.39838120001042576,74.997420512586388
0.39838130001042577,74.997419232371939
0.39838140001042577,74.997417952157519
0.39838150001042577,74.9974166719431
0.39838160001042577,74.997415391728723
0.39838170001042578,74.997414111514345
0.39838180001042578,74.997412831300011
0.39838190001042578,74.997411551085676
0.39838200001042579,74.99741027087137
0.39838210001042579,74.997408990657092
0.39838220001042579,74.997407710442829
0.39838230001042579,74.99740643022858
0.3983824000104258,74.997405150014359
0.3983825000104258,74.997403869800166
0.3983826000104258,74.997402589585974
0.39838270001042581,74.997401309371824
0.39838280001042581,74.997400029157689
0.39838290001042581,74.997398748943567
0.39838300001042581,74.99739746872946
0.39838310001042582,74.997396188515381
0.39838320001042582,74.997394908301331
0.39838330001042582,74.997393628087295
0.39838340001042583,74.997392347873287
0.39838350001042583,74.997391067659294
0.39838360001042583,74.997389787445314
0.39838370001042583,74.997388507231364
0.39838380001042584,74.997387227017427
0.39838390001042584,74.997385946803519
0.39838400001042584,74.997384666589625
0.39838410001042585,74.997383386375759
0.39838420001042585,74.997382106161908
0.39838430001042585,74.997380825948071
0.39838440001042585,-44.181693699813479
0.39838450001042586,-44.192675253528392
0.39838460001042586,-44.203649602160027
0.39838470001042586,-44.214614343593425
0.39838480001042587,-44.225569477198945
0.39838490001042587,-44.236515002348739
0.39838500001042587,-44.247450918416902
0.39838510001042587,-44.258377224779352
0.39838520001042588,-44.26929392081378
0.39838530001042588,-44.280201005899841
0.39838540001042588,-44.291098479418864
0.39838550001042589,-44.301986340754098
0.39838560001042589,-44.312864589290669
0.39838570001042589,-44.323733224415435
0.39838580001042589,-44.334592245517257
0.3983859000104259,-44.345441651986675
0.3983860000104259,-44.356281443216147
0.3983861000104259,-44.367111618599878
0.39838620001042591,-44.377932177534063
0.39838630001042591,-44.388743119416603
0.39838640001042591,-44.399544443647258
0.39838650001042591,-44.410336149627611
0.39838660001042592,-44.421118236761217
0.39838670001042592,-44.431890704453266
0.39838680001042592,-44.44265355211094
0.39838690001042593,-44.453406779143151
0.39838700001042593,-44.464150384960746
0.39838710001042593,-44.474884368976333
0.39838720001042593,-44.485608730604341
0.39838730001042594,-44.496323469261029
0.39838740001042594,-44.507028584364605
0.39838750001042594,-44.517724075335067
0.39838760001042595,-44.528409941594191
0.39838770001042595,-44.539086182565512
0.39838780001042595,-44.549752797674671
0.39838790001042595,-44.560409786348856
0.39838800001042596,-44.57105714801726
0.39838810001042596,-44.581694882110796
0.39838820001042596,-44.592322988062293
0.39838830001042597,-44.602941465306415
0.39838840001042597,-44.613550313279617
0.39838850001042597,-44.624149531420258
0.39838860001042598,-44.634739119168358
0.39838870001042598,-44.645319075965915
0.39838880001042598,-44.655889401256829
0.39838890001042598,-44.666450094486692
0.39838900001042599,-44.677001155102886
0.39838910001042599,-44.687542582554755
0.39838920001042599,-44.698074376293462
0.398389300010426,-44.708596535771903
0.398389400010426,-44.719109060444993
0.398389500010426,-44.729611949769293
0.398389600010426,-44.740105203203186
0.39838970001042601,-44.750588820207
0.39838980001042601,-44.761062800242911
0.39838990001042601,-44.771527142774787
0.39839000001042602,-44.781981847268511
0.39839010001042602,-44.792426913191619
0.39839020001042602,-44.802862340013547
0.39839030001042602,-44.813288127205638
0.39839040001042603,-44.823704274240896
0.39839050001042603,-44.834110780594301
0.39839060001042603,-44.844507645742624
0.39839070001042604,-44.854894869164426
0.39839080001042604,-44.865272450340129
0.39839090001042604,-44.875640388752032
0.39839100001042604,-44.885998683884125
0.39839110001042605,-44.896347335222387
0.39839120001042605,-44.90668634225446
0.39839130001042605,-44.917015704470018
0.39839140001042606,-44.927335421360397
0.39839150001042606,-44.937645492418767
0.39839160001042606,-44.947945917140231
0.39839170001042606,-44.958236695021654
0.39839180001042607,-44.968517825561733
0.39839190001042607,-44.978789308260929
0.39839200001042607,-44.989051142621747
0.39839210001042608,-44.999303328148287
0.39839220001042608,-45.009545864346563
0.39839230001042608,-45.019778750724313
0.39839240001042608,-45.03000198679139
0.39839250001042609,-45.040215572059211
0.39839260001042609,-45.050419506041024
0.39839270001042609,-45.060613788251985
0.3983928000104261,-45.070798418209165
0.3983929000104261,-45.080973395431258
0.3983930000104261,-45.091138719438888
0.3983931000104261,-45.101294389754642
0.39839320001042611,-45.111440405902641
0.39839330001042611,-45.121576767408953
0.39839340001042611,-45.131703473801608
0.39839350001042612,-45.141820524610296
0.39839360001042612,-45.151927919366614
0.39839370001042612,-45.162025657603934
0.39839380001042612,-45.172113738857504
0.39839390001042613,-45.182192162664251
0.39839400001042613,-45.19226092856313
0.39839410001042613,-45.202320036094804
0.39839420001042614,-45.21236948480184
0.39839430001042614,-45.222409274228553
0.39839440001042614,-45.232439403921035
0.39839450001042614,-45.242459873427393
0.39839460001042615,-45.2524706822973
0.39839470001042615,-45.26247183008239
0.39839480001042615,-45.272463316336214
0.39839490001042616,-45.282445140614016
0.39839500001042616,-45.292417302472842
0.39839510001042616,-45.302379801471588
0.39839520001042616,-45.312332637171068
0.39839530001042617,-45.322275809133814
0.39839540001042617,-45.332209316924121
0.39839550001042617,-45.342133160108318
0.39839560001042618,-45.352047338254337
0.39839570001042618,-45.361951850932073
0.39839580001042618,-45.371846697713195
0.39839590001042618,-45.381731878171166
0.39839600001042619,-45.391607391881251
0.39839610001042619,-45.401473238420635
0.39839620001042619,-45.411329417368265
0.3983963000104262,-45.421175928304891
0.3983964000104262,-45.431012770813069
0.3983965000104262,-45.440839944477176
0.39839660001042621,-45.450657448883476
0.39839670001042621,-45.460465283619968
0.39839680001042621,-45.470263448276569
0.39839690001042621,-45.480051942444931
0.39839700001042622,-45.489830765718523
0.39839710001042622,-45.499599917692692
0.39839720001042622,-45.509359397964587
0.39839730001042623,-45.519109206133166
0.39839740001042623,-45.528849341799159
0.39839750001042623,-45.538579804565174
0.39839760001042623,-45.548300594035567
0.39839770001042624,-45.558011709816583
0.39839780001042624,-45.567713151516259
0.39839790001042624,-45.577404918744463
0.39839800001042625,-45.587087011112871
0.39839810001042625,-45.596759428234918
0.39839820001042625,-45.60642216972596
0.39839830001042625,-45.616075235203141
0.39839840001042626,-45.625718624285312
0.39839850001042626,-45.635352336593286
0.39839860001042626,-45.644976371749593
0.39839870001042627,-45.654590729378654
0.39839880001042627,-45.664195409106625
0.39839890001042627,-45.673790410561537
0.39839900001042627,-45.683375733373182
0.39839910001042628,-45.692951377173287
0.39839920001042628,-45.702517341595211
0.39839930001042628,-45.712073626274275
0.39839940001042629,-45.721620230847549
0.39839950001042629,-45.731157154953848
0.39839960001042629,-45.740684398233981
0.39839970001042629,-45.750201960330472
0.3983998000104263,-45.759709840887623
0.3983999000104263,-45.769208039551614
0.3984000000104263,74.99749988592265
0.39840010001042631,74.997498605706923
0.39840020001042631,74.997497325491224
0.39840030001042631,74.997496045275525
0.39840040001042631,74.997494765059855
0.39840050001042632,74.997493484844213
0.39840060001042632,74.997492204628585
0.39840070001042632,74.997490924412972
0.39840080001042633,74.997489644197387
0.39840090001042633,74.997488363981816
0.39840100001042633,74.997487083766273
0.39840110001042633,74.997485803550745
0.39840120001042634,74.997484523335245
0.39840130001042634,74.99748324311976
0.39840140001042634,74.997481962904288
0.39840150001042635,74.997480682688845
0.39840160001042635,74.997479402473431
0.39840170001042635,74.99747812225803
0.39840180001042635,74.997476842042644
0.39840190001042636,74.997475561827287
0.39840200001042636,74.997474281611943
0.39840210001042636,74.997473001396628
